Data,ID,Name,Class_1,Class_2,Class_3,Unit,Dim,Tick,Palette,ColourKey,Style,Prefix
hb1,EXRT.DS41.NZB17,17 currency basket,Index,TWI,17 currency basket,Index,TWI,.0f,qual,black,Line,NA
hb1,EXR.DS11.D06,United States dollar,NZD/USD,Exchange rates (quoted per NZ$),United States dollar,NZD/USD,NZD to $USD,.2f,qual,black,Line,$
hb1,EXR.DS11.D04,UK pound sterling,NZD/GBP,Exchange rates (quoted per NZ$),UK pound sterling,NZD/GBP,NZD to £GBP,.2f,qual,black,Line,£
hb1,EXR.DS11.D01,Australian dollar,NZD/AUD,Exchange rates (quoted per NZ$),Australian dollar,NZD/AUD,NZD to $AUD,.2f,qual,black,Line,$
hb1,EXR.DS11.D05,Japanese yen,NZD/JPY,Exchange rates (quoted per NZ$),Japanese yen,NZD/JPY,NZD to ¥JPY,.0f,qual,black,Line,¥
hb1,EXR.DS11.D03,European euro,NZD/EUR,Exchange rates (quoted per NZ$),European euro,NZD/EUR,NZD to €EUR,.2f,qual,black,Line,€
hb1,EXR.DS11.D02,Canadian dollar,NZD/CAD,Exchange rates (quoted per NZ$),Canadian dollar,NZD/CAD,NZD to $CAD,.2f,qual,black,Line,$
hb1,EXR.DS11.D12,South Korean won,NZD/KRW,Exchange rates (quoted per NZ$),South Korean won,NZD/KRW,NZD to ₩KRW,.0f,qual,black,Line,₩
hb1,EXR.DS11.D11,Chinese renminbi,NZD/CNY,Exchange rates (quoted per NZ$),Chinese renminbi,NZD/CNY,NZD to ¥CNY,.2f,qual,black,Line,¥
hb1,EXR.DS11.D14,Malaysian ringgit,NZD/MYR,Exchange rates (quoted per NZ$),Malaysian ringgit,NZD/MYR,NZD to RM,.2f,qual,black,Line,RM
hb1,EXR.DS11.D08,Hong Kong dollar,NZD/HKD,Exchange rates (quoted per NZ$),Hong Kong dollar,NZD/HKD,NZD to $HK,.2f,qual,black,Line,$
hb1,EXR.DS11.D13,Indonesian rupiah,NZD/IDR,Exchange rates (quoted per NZ$),Indonesian rupiah,NZD/IDR,NZD to p (IDR),.0f,qual,black,Line,p
hb1,EXR.DS11.D15,Thai baht,NZD/THB,Exchange rates (quoted per NZ$),Thai baht,NZD/THB,NZD to B (THB),.0f,qual,black,Line,B
hb1,EXR.DS11.D09,Singapore dollar,NZD/SGD,Exchange rates (quoted per NZ$),Singapore dollar,NZD/SGD,NZD to $SGD,.2f,qual,black,Line,$
hb1,EXR.DS11.D16,New Taiwan dollar,NZD/TWD,Exchange rates (quoted per NZ$),New Taiwan dollar,NZD/TWD,NZD to $NT,.0f,qual,black,Line,$
hb1,EXR.DS11.D31,Indian rupee,NZD/INR,Exchange rates (quoted per NZ$),Indian rupee,NZD/INR,NZD to ₹INR,.0f,qual,black,Line,₹
hb1,EXR.DS11.D32,Philippine peso,NZD/PHP,Exchange rates (quoted per NZ$),Philippine peso,NZD/PHP,NZD to ₱PHP,.0f,qual,black,Line,₱
hb1,EXR.DS11.D33,Vietnamese dong,NZD/VND,Exchange rates (quoted per NZ$),Vietnamese dong,NZD/VND,NZD to ₫VND,.0f,qual,black,Line,₫
hb1,EXRT.DS41.N,Base June 1979=100,Index Historic,Historical TWI,Base June 1979=100,Index,TWI (H),.0f,qual,black,Line,NA
hb2,INM.DP1.N,Official Cash Rate (OCR),OCR,Official Cash Rate (OCR),NA,%pa,%,.1f,manual,grey_snow,Fill,NA
hb2,INM.DG101.NZZCF,1 year (bond),Secondary market government bond closing yields,1 year,NA,%pa,%,.1f,qual,NA,Line,NA
hb2,INM.DG102.NZZCF,2 year (bond),Secondary market government bond closing yields,2 year,NA,%pa,%,.1f,qual,NA,Line,NA
hb2,INM.DG105.NZZCF,5 year (bond),Secondary market government bond closing yields,5 year,NA,%pa,%,.1f,qual,NA,Line,NA
hb2,INM.DG110.NZZCF,10 year (bond),Secondary market government bond closing yields,10 year,NA,%pa,%,.1f,qual,NA,Line,NA
hb2,INM.DS01.NZZC,1 year (swap),Swap rates close,1 year,NA,%pa,%,.1f,qual,NA,Line,NA
hb2,INM.DS02.NZZC,2 year (swap),Swap rates close,2 year,NA,%pa,%,.1f,qual,NA,Line,NA
hb2,INM.DS05.NZZC,5 year (swap),Swap rates close,5 year,NA,%pa,%,.1f,qual,NA,Line,NA
hb2,INM.DS10.NZZC,10 year (swap),Swap rates close,10 year,NA,%pa,%,.1f,qual,NA,Line,NA
hb2,INM.DS61.NZZC,Spread 2-10 year,Swap rates close,Spread 2-10 year,NA,bps,bps,.1f,qual,NA,Line,NA
hc35,LVRP.QME1.A,Opening position,Total,Opening position,Total,NZDm,NZDm,",d",manual,teal_snow,Fill,NA
hc35,LVRP.QME31.A,Drawdowns,Total,Drawdowns,Total,NZDm,NZDm,",d",teal,black,Line,NA
hc35,LVRP.QME32.A,Interest charged,Total,Interest charged,Total,NZDm,NZDm,",d",teal,black,Line,NA
hc35,LVRP.QME33.A,Scheduled repayments,Total,Scheduled repayments,Total,NZDm,NZDm,",d",teal,black,Line,NA
hc35,LVRP.QME34.A,Repayment of loan in full,Total,Repayment of loan in full,Total,NZDm,NZDm,",d",teal,black,Line,NA
hc35,LVRP.QME35.A,Other excess repayments,Total,Other excess repayments,Total,NZDm,NZDm,",d",teal,black,Line,NA
hc35,LVRP.QME36.A,Repayment deficiencies,Total,Repayment deficiencies,Total,NZDm,NZDm,",d",teal,black,Line,NA
hc35,LVRP.QME37.A,Net write-offs,Total,Net write-offs,Total,NZDm,NZDm,",d",teal,black,Line,NA
hc35,LVRP.QME38.A,Other adjustments,Total,Other adjustments,Total,NZDm,NZDm,",d",teal,black,Line,NA
hc35,LVRP.QME1.B,Opening position,>80% LVR,Opening position,Breakdown,NZDm,NZDm,",d",manual,teal_snow,Fill,NA
hc35,LVRP.QME31.B,Drawdowns,>80% LVR,Drawdowns,Breakdown,NZDm,NZDm,",d",teal,black,Line,NA
hc35,LVRP.QME32.B,Interest charged,>80% LVR,Interest charged,Breakdown,NZDm,NZDm,",d",teal,black,Line,NA
hc35,LVRP.QME33.B,Scheduled repayments,>80% LVR,Scheduled repayments,Breakdown,NZDm,NZDm,",d",teal,black,Line,NA
hc35,LVRP.QME34.B,Repayment of loan in full,>80% LVR,Repayment of loan in full,Breakdown,NZDm,NZDm,",d",teal,black,Line,NA
hc35,LVRP.QME35.B,Other excess repayment,>80% LVR,Other excess repayment,Breakdown,NZDm,NZDm,",d",teal,black,Line,NA
hc35,LVRP.QME36.B,Repayment deficiencies,>80% LVR,Repayment deficiencies,Breakdown,NZDm,NZDm,",d",teal,black,Line,NA
hc35,LVRP.QME37.B,Net write-offs,>80% LVR,Net write-offs,Breakdown,NZDm,NZDm,",d",teal,black,Line,NA
hc35,LVRP.QME38.B,Other adjustments,>80% LVR,Other adjustments,Breakdown,NZDm,NZDm,",d",teal,black,Line,NA
hc35,LVRP.QME1.C,Opening position,<=80% LVR,Opening position,Breakdown,NZDm,NZDm,",d",manual,teal_snow,Fill,NA
hc35,LVRP.QME31.C,Drawdowns,<=80% LVR,Drawdowns,Breakdown,NZDm,NZDm,",d",teal,black,Line,NA
hc35,LVRP.QME32.C,Interest charged,<=80% LVR,Interest charged,Breakdown,NZDm,NZDm,",d",teal,black,Line,NA
hc35,LVRP.QME33.C,Scheduled repayments,<=80% LVR,Scheduled repayments,Breakdown,NZDm,NZDm,",d",teal,black,Line,NA
hc35,LVRP.QME34.C,Repayment of loan in full,<=80% LVR,Repayment of loan in full,Breakdown,NZDm,NZDm,",d",teal,black,Line,NA
hc35,LVRP.QME35.C,Other excess repayments,<=80% LVR,Other excess repayments,Breakdown,NZDm,NZDm,",d",teal,black,Line,NA
hc35,LVRP.QME36.C,Repayment deficiencies,<=80% LVR,Repayment deficiencies,Breakdown,NZDm,NZDm,",d",teal,black,Line,NA
hc35,LVRP.QME37.C,Net write-offs,<=80% LVR,Net write-offs,Breakdown,NZDm,NZDm,",d",teal,black,Line,NA
hc35,LVRP.QME38.C,Other adjustments,<=80% LVR,Other adjustments,Breakdown,NZDm,NZDm,",d",teal,black,Line,NA
hm1,CPI.Q.C.ia,Consumers price index (CPI),NA,Consumers price index (CPI),NA,Index,Index,.0f,manual,grey_snow,Fill,NA
hm1,CPI.Q.C.iaq,Consumers price index (CPI),NA,Consumers price index (CPI),NA,%,q/q%,.2f,manual,grey_snow,Fill,NA
hm1,CPI.Q.C.iay,Consumers price index (CPI),NA,Consumers price index (CPI),NA,%,y/y%,.2f,manual,grey_snow,Fill,NA
hm1,CPIT.Q.C.ia,Tradable inflation,NA,Tradable inflation,NA,Index,Index,.0f,qual,black,Line,NA
hm1,CPIT.Q.C.iaq,Tradable inflation,NA,Tradable inflation,NA,%,q/q%,.2f,qual,black,Line,NA
hm1,CPIT.Q.C.iay,Tradable inflation,NA,Tradable inflation,NA,%,y/y%,.2f,qual,black,Line,NA
hm1,CPIN.Q.C.ia,Non-tradable inflation,NA,Non-tradable inflation,NA,Index,Index,.0f,qual,black,Line,NA
hm1,CPIN.Q.C.iaq,Non-tradable inflation,NA,Non-tradable inflation,NA,%,q/q%,.2f,qual,black,Line,NA
hm1,CPIN.Q.C.iay,Non-tradable inflation,NA,Non-tradable inflation,NA,%,y/y%,.2f,qual,black,Line,NA
hm1,CPI.Q.C01.ia,Food,NA,Food,NA,Index,Index,.0f,qual,black,Line,NA
hm1,CPI.Q.C01.iaq,Food,NA,Food,NA,%,q/q%,.2f,qual,black,Line,NA
hm1,CPI.Q.C01.iay,Food,NA,Food,NA,%,y/y%,.2f,qual,black,Line,NA
hm1,CPI.Q.C04.ia,Housing and household utilities,NA,Housing and household utilities,NA,Index,Index,.0f,qual,black,Line,NA
hm1,CPI.Q.C04.iaq,Housing and household utilities,NA,Housing and household utilities,NA,%,q/q%,.2f,qual,black,Line,NA
hm1,CPI.Q.C04.iay,Housing and household utilities,NA,Housing and household utilities,NA,%,y/y%,.2f,qual,black,Line,NA
hm1,CPI.Q.C07.ia,Transportation,NA,Transportation,NA,Index,Index,.0f,qual,black,Line,NA
hm1,CPI.Q.C07.iaq,Transportation,NA,Transportation,NA,%,q/q%,.2f,qual,black,Line,NA
hm1,CPI.Q.C07.iay,Transportation,NA,Transportation,NA,%,y/y%,.2f,qual,black,Line,NA
hm1,CPI.Q.C07202.ia,Petrol,NA,Petrol,NA,Index,Index,.0f,qual,black,Line,NA
hm1,CPI.Q.C07202.iaq,Petrol,NA,Petrol,NA,%,q/q%,.2f,qual,black,Line,NA
hm1,CPI.Q.C07202.iay,Petrol,NA,Petrol,NA,%,y/y%,.2f,qual,black,Line,NA
hm1,CPI.Q.ZC21.ia,CPI excluding petrol,NA,CPI excluding petrol,NA,Index,Index,.0f,qual,black,Line,NA
hm1,CPI.Q.ZC21.iaq,CPI excluding petrol,NA,CPI excluding petrol,NA,%,q/q%,.2f,qual,black,Line,NA
hm1,CPI.Q.ZC21.iay,CPI excluding petrol,NA,CPI excluding petrol,NA,%,y/y%,.2f,qual,black,Line,NA
hm1,CPI.Q.ZC40.iaq,Trimmed mean,NA,Trimmed mean,NA,%,q/q%,.2f,qual,black,Line,NA
hm1,CPIM.Q.C40T10B17.iay,Trimmed mean,NA,Trimmed mean,NA,%,y/y%,.2f,qual,black,Line,NA
hm1,CPI.Q.ZC41.iaq,Weighted median,NA,Weighted median,NA,%,q/q%,.2f,qual,black,Line,NA
hm1,CPIW.Q.C41P50B17.iay,Weighted median,NA,Weighted median,NA,%,y/y%,.2f,qual,black,Line,NA
hm1,CPI.Q.ZC42.iay,Factor model,NA,Factor model,NA,%,y/y%,.2f,qual,black,Line,NA
hm1,CPI.Q.ZC43.iay,Sectoral factor model,NA,Sectoral factor model,NA,%,y/y%,.2f,qual,black,Line,NA
hm1,CPI.Q.ZC431.iay,Sectoral factor model - tradable core,NA,Sectoral factor model - tradable core,NA,NA,y/y%,.2f,qual,black,Line,NA
hm1,CPI.Q.ZC432.iay,Sectoral factor model - non-tradable core,NA,Sectoral factor model - non-tradable core,NA,NA,y/y%,.2f,qual,black,Line,NA
hm1,HPI.Q.H01T0.ia,PropertyIQ House price index (HPI),NA,PropertyIQ House price index (HPI),NA,Index,Index,.0f,qual,black,Line,NA
hm1,HPI.Q.H01T0.iaq,PropertyIQ House price index (HPI),NA,PropertyIQ House price index (HPI),NA,%,q/q%,.2f,qual,black,Line,NA
hm1,HPI.Q.H01T0.iay,PropertyIQ House price index (HPI),NA,PropertyIQ House price index (HPI),NA,%,y/y%,.2f,qual,black,Line,NA
hm1,GDE.Q.DY.RS,GDP deflator,NA,GDP deflator,NA,Index,Index,.0f,qual,black,Line,NA
hm1,GDE.Q.DY.rsq,GDP deflator,NA,GDP deflator,NA,NA,q/q%,.2f,qual,black,Line,NA
hm1,GDE.Q.DY.rsy,GDP deflator,NA,GDP deflator,NA,%,y/y%,.2f,qual,black,Line,NA
hm1,PPI06.Q.T0I1.ia,Producers price index (PPI) inputs,NA,Producers price index (PPI) inputs,NA,NA,Index,.0f,qual,black,Line,NA
hm1,PPI06.Q.T0I1.iaq,Producers price index (PPI) inputs,NA,Producers price index (PPI) inputs,NA,%,q/q%,.2f,qual,black,Line,NA
hm1,PPI06.Q.T0I1.iay,Producers price index (PPI) inputs,NA,Producers price index (PPI) inputs,NA,%,y/y%,.2f,qual,black,Line,NA
hm1,PPI06.Q.T0I2.ia,Producers price index (PPI) outputs,NA,Producers price index (PPI) outputs,NA,NA,Index,.0f,qual,black,Line,NA
hm1,PPI06.Q.T0I2.iaq,Producers price index (PPI) outputs,NA,Producers price index (PPI) outputs,NA,%,q/q%,.2f,qual,black,Line,NA
hm1,PPI06.Q.T0I2.iay,Producers price index (PPI) outputs,NA,Producers price index (PPI) outputs,NA,%,y/y%,.2f,qual,black,Line,NA
hm2,RTS06.Q.S1G.na,Retail trade sales,NA,Retail trade sales NZDm,NA,NZDm,NZDm,",d",qual,black,Line,NA
hm2,RTS06.Q.S1G.ns,Retail trade sales,NA,Retail trade sales NZDm s.a.,NA,NZDm s.a.,NZDm,",d",qual,black,Line,NA
hm2,RTS06.Q.S1G.nsq,Retail trade sales,NA,Retail trade % s.a.,NA,% s.a.,%,.0f,qual,black,Line,NA
hm2,RTS06.Q.S1G.nay,Retail trade sales,NA,Retail trade %,NA,%,%,.0f,qual,black,Line,NA
hm2,RTS06.Q.S1G.ra,Retail trade volumes,NA,Retail trade volumes NZDm(r),NA,NZDm(r),NZDm,",d",qual,black,Line,NA
hm2,RTS06.Q.S1G.rs,Retail trade volumes,NA,Retail trade volumes NZDm(r) s.a.,NA,NZDm(r) s.a.,NZDm,",d",qual,black,Line,NA
hm2,RTS06.Q.S1G.rsq,Retail trade volumes,NA,Retail trade volumes %(r) s.a.,NA,%(r) s.a.,%,.0f,qual,black,Line,NA
hm2,RTS06.Q.S1G.ray,Retail trade volumes,NA,Retail trade %(r),NA,%(r),%,.0f,qual,black,Line,NA
hm2,GDE.Q.EC1.RA,Private consumption expenditure (GDP),NA,Private consumption expenditure (GDP) NZDm(r),NA,NZDm(r),NZDm,",d",qual,black,Line,NA
hm2,GDE.Q.EC1.RS,Private consumption expenditure (GDP),NA,Private consumption expenditure (GDP) NZDm(r) s.a.,NA,NZDm(r) s.a.,NZDm,",d",qual,black,Line,NA
hm2,GDE.Q.EC1.rsq,Private consumption expenditure (GDP),NA,Private consumption expenditure (GDP) %(r) s.a.,NA,%(r) s.a.,%,.0f,qual,black,Line,NA
hm2,GDE.Q.EC1.ray,Private consumption expenditure (GDP),NA,Private consumption expenditure (GDP) %(r),NA,%(r),%,.0f,qual,black,Line,NA
hm2,GDE.Q.EG13.RA,General government consumption expenditure (GDP),NA,General government consumption expenditure (GDP) NZDm(r),NA,NZDm(r),NZDm,",d",qual,black,Line,NA
hm2,GDE.Q.EG13.RS,General government consumption expenditure (GDP),NA,General government consumption expenditure (GDP) NZDm(r) s.a.,NA,NZDm(r) s.a.,NZDm,",d",qual,black,Line,NA
hm2,GDE.Q.EG13.rsq,General government consumption expenditure (GDP),NA,General government consumption expenditure (GDP) %(r) s.a.,NA,%(r) s.a.,%,.0f,qual,black,Line,NA
hm2,GDE.Q.EG13.ray,General government consumption expenditure (GDP),NA,General government consumption expenditure (GDP) %(r),NA,%(r),%,.0f,qual,black,Line,NA
hm3,QBLD.Q.B11N1BZR1.ns,Residential Building Consents (s.a.),Residential consents,Building consents - residential dwellings (Number s.a.),NA,no s.a.,Number,",d",qual,black,Line,NA
hm3,QBLD.Q.B11N1BZR1.nsq,Residential Building Consents (q/q% s.a.),Residential consents,Building consents - residential dwellings (q/q% s.a.),NA,% s.a.,q/q%,.0f,qual,black,Line,NA
hm3,GDE.Q.EI24.RA,Residential buildings (GDP) (Real $m),Gross fixed capital formation,Gross fixed capital formation - residential buildings (GDP) (Real $m),NA,NZDm(r),Real $m,",d",qual,black,Line,NA
hm3,GDE.Q.EI24.RS,Residential buildings (GDP) (Real $m s.a.),Gross fixed capital formation,Gross fixed capital formation - residential buildings (GDP) (Real $m s.a.),NA,NZDm(r) s.a.,Real $m,",d",qual,black,Line,NA
hm3,GDE.Q.EI24.rsq,Residential buildings (GDP) (Real q/q% s.a),Gross fixed capital formation,Gross fixed capital formation - residential buildings (GDP) (Real q/q% s.a),NA,%(r) s.a.,Real q/q,.0f,qual,black,Line,NA
hm3,GDE.Q.EI24.ray,Residential buildings (GDP) (Real y/y%),Gross fixed capital formation,Gross fixed capital formation - residential buildings (GDP) (Real y/y%),NA,%(r),Real y/y,.0f,qual,black,Line,NA
hm3,GDE.Q.EI25.RA,Other fixed assets (GDP) (Real $m),Gross fixed capital formation,Gross fixed capital formation - other fixed assets (GDP) (Real $m),NA,NZDm(r),Real $m,",d",qual,black,Line,NA
hm3,GDE.Q.EI25.RS,Other fixed assets (GDP) (Real $m s.a.),Gross fixed capital formation,Gross fixed capital formation - other fixed assets (GDP) (Real $m s.a.),NA,NZDm(r) s.a.,Real $m,",d",qual,black,Line,NA
hm3,GDE.Q.EI25.rsq,Other fixed assets (GDP) (Real q/q% s.a.),Gross fixed capital formation,Gross fixed capital formation - other fixed assets (GDP) (Real q/q% s.a.),NA,%(r) s.a.,Real q/q,.0f,qual,black,Line,NA
hm3,GDE.Q.EI25.ray,Other fixed assets (GDP) (Real y/y%),Gross fixed capital formation,Gross fixed capital formation - other fixed assets (GDP) (Real y/y%),NA,%(r),Real y/y,.0f,qual,black,Line,NA
hm3,GDE.Q.EI23.RA,Change in inventories (GDP) (Real $m),Change in inventories,Change in inventories (GDP) (Real $m),NA,NZDm(r),Real $m,",d",qual,black,Line,NA
hm3,GDE.Q.EI23.RS,Change in inventories (GDP) (Real $m s.a.),Change in inventories,Change in inventories (GDP) (Real $m s.a.),NA,NZDm(r) s.a.,Real $m,",d",qual,black,Line,NA
hm4,MAN06.Q.S1C0.ns,Manufacturing operating income,Operating income $m s.a.,Manufacturing,NA,m,$m s.a.,",d",qual,black,Line,NA
hm4,MAN06.Q.S1C0.na,Manufacturing operating income,Operating income $m,Manufacturing,NA,m,$m,",d",qual,black,Line,NA
hm4,MAN06.Q.S1C0.nsq,Manufacturing operating income,Operating income q/q% s.a.,Manufacturing,NA,NA,q/q% s.a.,.0f,qual,black,Line,NA
hm4,MAN06.Q.S1C0.nay,Manufacturing operating income,Operating income y/y%,Manufacturing,NA,NA,y/y%,.0f,qual,black,Line,NA
hm4,MAN06.Q.VC0.na,Manufacturing stocks,Stocks $m,Manufacturing,NA,m,$m,",d",qual,black,Line,NA
hm4,MAN06.Q.VC0.nay,Manufacturing stocks,Stocks y/y%,Manufacturing,NA,%,y/y%,.0f,qual,black,Line,NA
hm4,MAN06.Q.S1C111.ns,Meat and dairy manufacturing operating income,Operating income $m s.a.,Meat and dairy,NA,m,$m s.a.,",d",qual,black,Line,NA
hm4,MAN06.Q.S1C111.na,Meat and dairy manufacturing operating income,Operating income $m,Meat and dairy,NA,m,$m,",d",qual,black,Line,NA
hm4,MAN06.Q.S1C111.nsq,Meat and dairy manufacturing operating income,Operating income q/q% s.a.,Meat and dairy,NA,NA,q/q% s.a.,.0f,qual,black,Line,NA
hm4,MAN06.Q.S1C111.nay,Meat and dairy manufacturing operating income,Operating income y/y%,Meat and dairy,NA,NA,y/y%,.0f,qual,black,Line,NA
hm4,RTS06.Q.S1G.ns,Retail trade sales,Sales $m s.a.,Retail trade,NA,NZDm s.a.,$m s.a.,",d",qual,black,Line,NA
hm4,RTS06.Q.S1G.na,Retail trade sales,Sales $m,Retail trade,NA,NZDm,$m,",d",qual,black,Line,NA
hm4,RTS06.Q.S1G.nsq,Retail trade sales,Sales q/q% s.a.,Retail trade,NA,% s.a.,q/q% s.a.,.0f,qual,black,Line,NA
hm4,RTS06.Q.S1G.nay,Retail trade sales,Sales y/y%,Retail trade,NA,%,y/y%,.0f,qual,black,Line,NA
hm4,RTS06.Q.VG.na,Retail trade stocks,Sales $m,Retail trade,NA,NZDm,$m,",d",qual,black,Line,NA
hm4,RTS06.Q.VG.nay,Retail trade stocks,Sales y/y%,Retail trade,NA,%,y/y%,.0f,qual,black,Line,NA
hm4,WTS06.Q.S1F0.ns,Wholesale trade sales,Sales $m s.a.,Wholesale trade,NA,NZDm s.a.,$m s.a.,",d",qual,black,Line,NA
hm4,WTS06.Q.S1F0.na,Wholesale trade sales,Sales $m,Wholesale trade,NA,NZDm,$m,",d",qual,black,Line,NA
hm4,WTS06.Q.S1F0.nsq,Wholesale trade sales,Sales q/q% s.a.,Wholesale trade,NA,% s.a.,q/q% s.a.,.0f,qual,black,Line,NA
hm4,WTS06.Q.S1F0.nay,Wholesale trade sales,Sales y/y%,Wholesale trade,NA,%,y/y%,.0f,qual,black,Line,NA
hm4,WTS06.Q.VF0.na,Wholesale trade stocks,Stocks $m,Wholesale trade,NA,NZDm,$m,",d",qual,black,Line,NA
hm4,WTS06.Q.VF0.nay,Wholesale trade stocks,Stocks y/y%,Wholesale trade,NA,%,y/y%,.0f,qual,black,Line,NA
hm5,GDP06.Q.QT0.ra,GDP - Production (Real $m),GDPReal $m,GDP,GDP-Production (Real $m),NZDm(r),$m,",d",qual,number,Line,NA
hm5,GDP06.Q.QT0.rs,GDP - Production (Real $m s.a.),GDPReal $m s.a.,GDP,GDP-Production (Real $m s.a.),NZDm(r) s.a.,$m,",d",qual,number,Line,NA
hm5,GDP06.Q.QT0.rsq,GDP - Production (Real q/q% s.a.),GDPReal q/q% s.a.,GDP,GDP-Production (Real q/q% s.a.),%(r) s.a.,q/q%,.2f,qual,number,Line,NA
hm5,GDP06.Q.QT0.ray,GDP - Production (Real y/y%),GDPReal y/y%,GDP,GDP-Production (Real y/y%),%(r),y/y%,.2f,qual,number,Line,NA
hm5,GDE.Q.EY.NA,GDP - Expenditure (Nominal $m),GDPNominal $m,GDP,GDP-Expenditure (Nominal $m),NZDm,$m,",d",qual,number,Line,NA
hm5,GDE.Q.EY.NS,GDP - Expenditure (Nominal $m s.a.),GDPNominal $m s.a.,GDP,GDP-Expenditure (Nominal $m s.a.),NZDm s.a.,$m,",d",qual,number,Line,NA
hm5,GDE.Q.EY.nsq,GDP - Expenditure (Nominal q/q% s.a.),GDPNominal q/q% s.a.,GDP,GDP-Expenditure (Nominal q/q% s.a.),% s.a.,q/q%,.2f,qual,number,Line,NA
hm5,GDE.Q.EY.nay,GDP - Expenditure (Nominal y/y%),GDPNominal y/y%,GDP,GDP-Expenditure (Nominal y/y%),%,y/y%,.2f,qual,number,Line,NA
hm5,GDE.Q.EY.RA,GDP - Expenditure (Real $m),GDPReal $m,GDP,GDP-Expenditure (Real $m),NZDm(r),$m,",d",qual,number,Line,NA
hm5,GDE.Q.EY.RS,GDP - Expenditure (Real $m s.a.),GDPReal $m s.a.,GDP,GDP-Expenditure (Real $m s.a.),NZDm(r) s.a.,$m,",d",qual,number,Line,NA
hm5,GDE.Q.EY.rsq,GDP - Expenditure (Real q/q% s.a.),GDPReal q/q% s.a.,GDP,GDP-Expenditure (Real q/q% s.a.),%(r) s.a.,q/q%,.2f,qual,number,Line,NA
hm5,GDE.Q.EY.ray,GDP - Expenditure (Real y/y%),GDPReal y/y%,GDP,GDP-Expenditure (Real y/y%),%(r),y/y%,.2f,qual,number,Line,NA
hm5,GDE.Q.EC1.NA,Private Consumption (Nominal $m)),Consumption expenditureNominal $m),Consumption expenditure,Private Consumption (Nominal $m),NZDm,$m,",d",qual,number,Line,NA
hm5,GDE.Q.EC1.NS,Private Consumption (Nominal $m s.a.),Consumption expenditureNominal $m s.a.,Consumption expenditure,Private Consumption (Nominal $m s.a.),NZDm s.a.,$m,",d",qual,number,Line,NA
hm5,GDE.Q.EC1.nsq,Private Consumption (Nominal q/q% s.a.),Consumption expenditureNominal q/q% s.a.,Consumption expenditure,Private Consumption (Nominal q/q% s.a.),% s.a.,q/q%,.2f,qual,number,Line,NA
hm5,GDE.Q.EC1.nay,Private Consumption (Nominal y/y%),Consumption expenditureNominal y/y%,Consumption expenditure,Private Consumption (Nominal y/y%),%,y/y%,.2f,qual,number,Line,NA
hm5,GDE.Q.EC1.RA,Private Consumption (Real $m),Consumption expenditureReal $m,Consumption expenditure,Private Consumption (Real $m),NZDm(r),$m,",d",qual,number,Line,NA
hm5,GDE.Q.EC1.RS,Private Consumption (Real $m s.a.),Consumption expenditureReal $m s.a.,Consumption expenditure,Private Consumption (Real $m s.a.),NZDm(r) s.a.,$m,",d",qual,number,Line,NA
hm5,GDE.Q.EC1.rsq,Private Consumption (Real q/q% s.a.),Consumption expenditureReal q/q% s.a.,Consumption expenditure,Private Consumption (Real q/q% s.a.),%(r) s.a.,q/q%,.2f,qual,number,Line,NA
hm5,GDE.Q.EC1.ray,Private Consumption (Real y/y%),Consumption expenditureReal y/y%,Consumption expenditure,Private Consumption (Real y/y%),%(r),y/y%,.2f,qual,number,Line,NA
hm5,GDE.Q.EG13.NA,Government Consumption (Nominal $m),Consumption expenditureNominal $m,Consumption expenditure,Government Consumption (Nominal $m),NZDm,$m,",d",qual,number,Line,NA
hm5,GDE.Q.EG13.NS,Government Consumption (Nominal $m s.a.),Consumption expenditureNominal $m s.a.,Consumption expenditure,Government Consumption (Nominal $m s.a.),NZDm s.a.,$m,",d",qual,number,Line,NA
hm5,GDE.Q.EG13.nsq,Government Consumption (Nominal q/q% s.a.),Consumption expenditureNominal q/q% s.a.,Consumption expenditure,Government Consumption (Nominal q/q% s.a.),% s.a.,q/q%,.2f,qual,number,Line,NA
hm5,GDE.Q.EG13.nay,Government Consumption (Nominal y/y%),Consumption expenditureNominal y/y%,Consumption expenditure,Government Consumption (Nominal y/y%),%,y/y%,.2f,qual,number,Line,NA
hm5,GDE.Q.EG13.RA,Government Consumption (Real $m),Consumption expenditureReal $m,Consumption expenditure,Government Consumption (Real $m),NZDm(r),$m,",d",qual,number,Line,NA
hm5,GDE.Q.EG13.RS,Government Consumption (Real $m s.a.),Consumption expenditureReal $m s.a.,Consumption expenditure,Government Consumption (Real $m s.a.),NZDm(r) s.a.,$m,",d",qual,number,Line,NA
hm5,GDE.Q.EG13.rsq,Government Consumption (Real q/q% s.a.),Consumption expenditureReal q/q% s.a.,Consumption expenditure,Government Consumption (Real q/q% s.a.),%(r) s.a.,q/q%,.2f,qual,number,Line,NA
hm5,GDE.Q.EG13.ray,Government Consumption (Real y/y%),Consumption expenditureReal y/y%,Consumption expenditure,Government Consumption (Real y/y%),%(r),y/y%,.2f,qual,number,Line,NA
hm5,GDE.Q.EI23.NA,Change in inventories (Nominal $m),Change in inventoriesNominal $m,Change in inventories,Change in inventories (Nominal $m),NZDm,$m,",d",qual,number,Line,NA
hm5,GDE.Q.EI23.NS,Change in inventories (Nominal $m s.a.),Change in inventoriesNominal $m s.a.,Change in inventories,Change in inventories (Nominal $m s.a.),NZDm s.a.,$m,",d",qual,number,Line,NA
hm5,GDE.Q.EI23.RA,Change in inventories (Real $m),Change in inventoriesReal $m,Change in inventories,Change in inventories (Real $m),NZDm(r),$m,",d",qual,number,Line,NA
hm5,GDE.Q.EI23.RS,Change in inventories (Real $m s.a.),Change in inventoriesReal $m s.a.,Change in inventories,Change in inventories (Real $m s.a.),NZDm(r) s.a.,$m,",d",qual,number,Line,NA
hm5,GDE.Q.EI24.NA,GFCF - Residential (Nominal $m),Gross fixed capital formationNominal $m,Gross fixed capital formation,GFCF - Residential (Nominal $m),NZDm,$m,",d",qual,number,Line,NA
hm5,GDE.Q.EI24.NS,GFCF - Residential (Nominal $m s.a.),Gross fixed capital formationNominal $m s.a.,Gross fixed capital formation,GFCF - Residential (Nominal $m s.a.),NZDm s.a.,$m,",d",qual,number,Line,NA
hm5,GDE.Q.EI24.nsq,GFCF - Residential (Nominal q/q% s.a.),Gross fixed capital formationNominal q/q% s.a.,Gross fixed capital formation,GFCF - Residential (Nominal q/q% s.a.),% s.a.,q/q%,.2f,qual,number,Line,NA
hm5,GDE.Q.EI24.nay,GFCF - Residential (Nominal y/y%),Gross fixed capital formationNominal y/y%,Gross fixed capital formation,GFCF - Residential (Nominal y/y%),%,y/y%,.2f,qual,number,Line,NA
hm5,GDE.Q.EI24.RA,GFCF - Residential (Real $m),Gross fixed capital formationReal $m,Gross fixed capital formation,GFCF - Residential (Real $m),NZDm(r),$m,",d",qual,number,Line,NA
hm5,GDE.Q.EI24.RS,GFCF - Residential (Real $m s.a.),Gross fixed capital formationReal $m s.a.,Gross fixed capital formation,GFCF - Residential (Real $m s.a.),NZDm(r) s.a.,$m,",d",qual,number,Line,NA
hm5,GDE.Q.EI24.rsq,GFCF - Residential (Real q/q% s.a.),Gross fixed capital formationReal q/q% s.a.,Gross fixed capital formation,GFCF - Residential (Real q/q% s.a.),%(r) s.a.,q/q%,.2f,qual,number,Line,NA
hm5,GDE.Q.EI24.ray,GFCF - Residential (Real y/y%),Gross fixed capital formationReal y/y%,Gross fixed capital formation,GFCF - Residential (Real y/y%),%(r),y/y%,.2f,qual,number,Line,NA
hm5,GDE.Q.EI25.NA,GFCF - Other Fixed Assets (Nominal $m),Gross fixed capital formationNominal $m,Gross fixed capital formation,GFCF - Other (Nominal $m),NZDm,$m,",d",qual,number,Line,NA
hm5,GDE.Q.EI25.NS,GFCF - Other Fixed Assets (Nominal $m s.a.),Gross fixed capital formationNominal $m s.a.,Gross fixed capital formation,GFCF - Other (Nominal $m s.a.),NZDm s.a.,$m,",d",qual,number,Line,NA
hm5,GDE.Q.EI25.nsq,GFCF - Other Fixed Assets (Nominal q/q% s.a.),Gross fixed capital formationNominal q/q% s.a.,Gross fixed capital formation,GFCF - Other (Nominal q/q% s.a.),% s.a.,q/q%,.2f,qual,number,Line,NA
hm5,GDE.Q.EI25.nay,GFCF - Other Fixed Assets (Nominal y/y%),Gross fixed capital formationNominal y/y%,Gross fixed capital formation,GFCF - Other (Nominal y/y%),%,y/y%,.2f,qual,number,Line,NA
hm5,GDE.Q.EI25.RA,GFCF - Other Fixed Assets (Real $m),Gross fixed capital formationReal $m,Gross fixed capital formation,GFCF - Other (Real $m),NZDm(r),$m,",d",qual,number,Line,NA
hm5,GDE.Q.EI25.RS,GFCF - Other Fixed Assets (Real $m s.a.),Gross fixed capital formationReal $m s.a.,Gross fixed capital formation,GFCF - Other (Real $m s.a.),NZDm(r) s.a.,$m,",d",qual,number,Line,NA
hm5,GDE.Q.EI25.rsq,GFCF - Other Fixed Assets (Real q/q% s.a.),Gross fixed capital formationReal q/q% s.a.,Gross fixed capital formation,GFCF - Other (Real q/q% s.a.),%(r) s.a.,q/q%,.2f,qual,number,Line,NA
hm5,GDE.Q.EI25.ray,GFCF - Other Fixed Assets (Real y/y%),Gross fixed capital formationReal y/y%,Gross fixed capital formation,GFCF - Other (Real y/y%),%(r),y/y%,.2f,qual,number,Line,NA
hm5,GDE.Q.EY1.NA,GNE (Nominal $m),Consumption expenditureNominal $m,Consumption expenditure,GNE  (Nominal $m),NZDm,$m,",d",qual,number,Line,NA
hm5,GDE.Q.EY1.NS,GNE (Nominal $m s.a.),Consumption expenditureNominal $m s.a.,Consumption expenditure,GNE  (Nominal $m s.a.),NZDm s.a.,$m,",d",qual,number,Line,NA
hm5,GDE.Q.EY1.nsq,GNE (Nominal q/q% s.a.),Consumption expenditureNominal q/q% s.a.,Consumption expenditure,GNE  (Nominal q/q% s.a.),% s.a.,q/q%,.2f,qual,number,Line,NA
hm5,GDE.Q.EY1.nay,GNE (Nominal y/y%),Consumption expenditureNominal y/y%,Consumption expenditure,GNE  (Nominal y/y%),%,y/y%,.2f,qual,number,Line,NA
hm5,GDE.Q.EY1.RA,GNE (Real $m),Consumption expenditureReal $m,Consumption expenditure,GNE  (Real $m),NZDm(r),$m,",d",qual,number,Line,NA
hm5,GDE.Q.EY1.RS,GNE (Real $m s.a.),Consumption expenditureReal $m s.a.,Consumption expenditure,GNE  (Real $m s.a.),NZDm(r) s.a.,$m,",d",qual,number,Line,NA
hm5,GDE.Q.EY1.rsq,GNE (Real q/q% s.a.),Consumption expenditureReal q/q% s.a.,Consumption expenditure,GNE  (Real q/q% s.a.),%(r) s.a.,q/q%,.2f,qual,number,Line,NA
hm5,GDE.Q.EY1.ray,GNE (Real y/y%),Consumption expenditureReal y/y%,Consumption expenditure,GNE  (Real y/y%),%(r),y/y%,.2f,qual,number,Line,NA
hm5,GDE.Q.EX.NA,Export of G&S (Nominal $m),Import/Export of G&SNominal $m,Import/Export of G&S,Exports G&S (Nominal $m),NZDm,$m,",d",qual,number,Line,NA
hm5,GDE.Q.EX.NS,Export of G&S (Nominal $m s.a.),Import/Export of G&SNominal $m s.a.,Import/Export of G&S,Exports G&S (Nominal $m s.a.),NZDm s.a.,$m,",d",qual,number,Line,NA
hm5,GDE.Q.EX.nsq,Export of G&S (Nominal q/q% s.a.),Import/Export of G&SNominal q/q% s.a.,Import/Export of G&S,Exports G&S (Nominal q/q% s.a.),% s.a.,q/q%,.2f,qual,number,Line,NA
hm5,GDE.Q.EX.nay,Export of G&S (Nominal y/y%),Import/Export of G&SNominal y/y%,Import/Export of G&S,Exports G&S (Nominal y/y%),%,y/y%,.2f,qual,number,Line,NA
hm5,GDE.Q.EX.RA,Export of G&S (Real $m),Import/Export of G&SReal $m,Import/Export of G&S,Exports G&S (Real $m),NZDm(r),$m,",d",qual,number,Line,NA
hm5,GDE.Q.EX.RS,Export of G&S (Real $m s.a.),Import/Export of G&SReal $m s.a.,Import/Export of G&S,Exports G&S (Real $m s.a.),NZDm(r) s.a.,$m,",d",qual,number,Line,NA
hm5,GDE.Q.EX.rsq,Export of G&S (Real q/q% s.a.),Import/Export of G&SReal q/q% s.a.,Import/Export of G&S,Exports G&S (Real q/q% s.a.),%(r) s.a.,q/q%,.2f,qual,number,Line,NA
hm5,GDE.Q.EX.ray,Export of G&S (Real y/y%),Import/Export of G&SReal y/y%,Import/Export of G&S,Exports G&S (Real y/y%),%(r),y/y%,.2f,qual,number,Line,NA
hm5,GDE.Q.EM.NA,Import of G&S (Nominal $m),Import/Export of G&SNominal $m,Import/Export of G&S,Import G&S (Nominal $m),NZDm,$m,",d",qual,number,Line,NA
hm5,GDE.Q.EM.NS,Import of G&S (Nominal $m s.a.),Import/Export of G&SNominal $m s.a.,Import/Export of G&S,Import G&S (Nominal $m s.a.),NZDm s.a.,$m,",d",qual,number,Line,NA
hm5,GDE.Q.EM.nsq,Import of G&S (Nominal q/q% s.a.),Import/Export of G&SNominal q/q% s.a.,Import/Export of G&S,Import G&S (Nominal q/q% s.a.),% s.a.,q/q%,.2f,qual,number,Line,NA
hm5,GDE.Q.EM.nay,Import of G&S (Nominal y/y%),Import/Export of G&SNominal y/y%,Import/Export of G&S,Import G&S (Nominal y/y%),%,y/y%,.2f,qual,number,Line,NA
hm5,GDE.Q.EM.RA,Import of G&S (Real $m),Import/Export of G&SReal $m,Import/Export of G&S,Import G&S (Real $m),NZDm(r),$m,",d",qual,number,Line,NA
hm5,GDE.Q.EM.RS,Import of G&S (Real $m s.a.),Import/Export of G&SReal $m s.a.,Import/Export of G&S,Import G&S (Real $m s.a.),NZDm(r) s.a.,$m,",d",qual,number,Line,NA
hm5,GDE.Q.EM.rsq,Import of G&S (Real q/q% s.a.),Import/Export of G&SReal q/q% s.a.,Import/Export of G&S,Import G&S (Real q/q% s.a.),%(r) s.a.,q/q%,.2f,qual,number,Line,NA
hm5,GDE.Q.EM.ray,Import of G&S (Real y/y%),Import/Export of G&SReal y/y%,Import/Export of G&S,Import G&S (Real y/y%),%(r),y/y%,.2f,qual,number,Line,NA
hm6,NATF.Y.D04.na,National,NA,National,NA,m,Saving ($m),",d",manual,teal_dark,Bar,NA
hm6,ISAA.Y.I12.na,Businesses,NA,Businesses,NA,m,Saving ($m),",d",manual,teal_base,Bar,NA
hm6,ISAF.Y.I13.na,Financial intermediaries,NA,Financial intermediaries,NA,m,Saving ($m),",d",manual,teal_lite,Bar,NA
hm6,ISAG.Y.I13.na,General government,NA,General government,NA,m,Saving ($m),",d",manual,gold_lite,Bar,NA
hm6,ISAJ.Y.I12.na,Non-profit institutions serving households,NA,Non-profit institutions serving households,NA,m,Saving ($m),",d",manual,navy_lite,Bar,NA
hm6,ISAK.Y.I10.na,Households,NA,Households,NA,m,Saving ($m),",d",manual,navy_base,Bar,NA
hm6,ISAK.Y.I18.na,Household saving rate (%),NA,Households,NA,%,Household saving rate (%),.2f,manual,ruby_base,Line,NA
hm7,OTIT.Q.U1T.iaq,Terms of Trade,Terms of Trade (q/q%),(q/q%),NA,%,%,.1f,qual,number,Line,NA
hm7,OTIT.Q.U1T.iay,Terms of Trade,Terms of Trade (y/y%),(y/y%),NA,%,%,.1f,qual,number,Line,NA
hm7,BOPR.Q.TJ101.na,Current account balance to GDP ratio (%),Current account balance to GDP ratio (%),Current account balance to GDP ratio (%),NA,%,%,.1f,qual,number,Line,NA
hm7,BOPR.Q.TJ102.na,Net international investment position to GDP ratio (%),Net international investment position to GDP ratio (%),International Investment Position (NZD millions),NA,%,%,.1f,qual,number,Line,NA
hm7,BOP.Q.TB2.na,Balance on goods,Balance of Payments,Balance on goods,NA,NZDm,NZDm,",d",qual,number,Bar,NA
hm7,BOP.Q.TB3.na,Balance on services,Balance of Payments,Balance on services,NA,NZDm,NZDm,",d",qual,number,Bar,NA
hm7,BOP.Q.TB5.na,Balance on primary income,Balance of Payments,Balance on primary income,NA,NZDm,NZDm,",d",qual,number,Bar,NA
hm7,BOP.Q.TB6.na,Balance on secondary income,Balance of Payments,Balance on secondary income,NA,NZDm,NZDm,",d",qual,number,Bar,NA
hm7,BOP.Q.TB1.na,Current account balance,Balance of Payments (Total),Current account balance,NA,NZDm,NZDm,",d",qual,number,Bar,NA
hm7,IIPA.Q.AP1.na,International assets,International Investment Position,International assets,NA,NZDm,NZDm,",d",qual,number,Line,NA
hm7,IIPA.Q.LP2.na,International liabilities,International Investment Position,International liabilities,NA,NZDm,NZDm,",d",qual,number,Line,NA
hm7,IIP.Q.TA.NA,Net international investment position (IIP),Net international investment position (IIP),NA,NA,NZDm,NZDm,",d",qual,number,Line,NA
hm7,OTIT.Q.U1T.ia,Terms of Trade,Terms of Trade (Index),(Index),NA,NA,Index,",d",qual,number,Line,NA
hm8,OTIX.Q.UA.ns,Export values $m s.a.,Values ($m s.a.),Export,$m s.a.,m,$m,",d",qual,number,Line,NA
hm8,OTIM.Q.UA.ns,Import values $m s.a.,Values ($m s.a.),Import,$m s.a.,m,$m,",d",qual,number,Line,NA
hm8,OTIX.Q.UA.na,Export values $m,Values ($m),Export,$m,m,$m,",d",qual,number,Line,NA
hm8,OTIM.Q.UA.na,Import values $m,Values ($m),Import,$m,m,$m,",d",qual,number,Line,NA
hm8,OTIX.Q.UA.nsq,Export values q/q% s.a.,Values (q/q% s.a.),Export,q/q% s.a.,%,%,.1f,qual,number,Line,NA
hm8,OTIM.Q.UA.nsq,Import values q/q% s.a.,Values (q/q% s.a.),Import,q/q% s.a.,%,%,.1f,qual,number,Line,NA
hm8,OTIX.Q.UA.nay,Export values y/y%,Values (y/y%),Export,y/y%,%,%,.1f,qual,number,Line,NA
hm8,OTIM.Q.UA.nay,Import values y/y%,Values (y/y%),Import,y/y%,%,%,.1f,qual,number,Line,NA
hm8,OTIX.Q.U1A.ia,Export prices Index,Prices (Index),Export,Index,NA,Index,",d",qual,number,Line,NA
hm8,OTIM.Q.U1A.ia,Import prices Index,Prices (Index),Import,Index,NA,Index,",d",qual,number,Line,NA
hm8,OTIX.Q.U1A.iaq,Export prices q/q%,Prices (q/q%),Export,q/q%,%,%,.1f,qual,number,Line,NA
hm8,OTIM.Q.U1A.iaq,Import prices q/q%,Prices (q/q%),Import,q/q%,%,%,.1f,qual,number,Line,NA
hm8,OTIX.Q.U1A.iay,Export prices y/y%,Prices (y/y%),Export,y/y%,%,%,.1f,qual,number,Line,NA
hm8,OTIM.Q.U1A.iay,Import prices y/y%,Prices (y/y%),Import,y/y%,%,%,.1f,qual,number,Line,NA
hm8,OTIX.Q.U2A.ia,Export volumes Index,Volumes (Index),Export,Index,NA,Index,",d",qual,number,Line,NA
hm8,OTIM.Q.U2A.ia,Import volumes Index,Volumes (Index),Import,Index,NA,Index,",d",qual,number,Line,NA
hm8,OTIX.Q.U2A.isq,Export volumes q/q% s.a.,Volumes (q/q% s.a.),Export,q/q% s.a.,%,%,.1f,qual,number,Line,NA
hm8,OTIM.Q.U2A.isq,Import volumes q/q% s.a.,Volumes (q/q% s.a.),Import,q/q% s.a.,%,%,.1f,qual,number,Line,NA
hm8,OTIX.Q.U2A.iay,Export volumes y/y%,Volumes (y/y%),Export,y/y%,%,%,.1f,qual,number,Line,NA
hm8,OTIM.Q.U2A.iay,Import volumes y/y%,Volumes (y/y%),Import,y/y%,%,%,.1f,qual,number,Line,NA
hm8,OTIX.Q.U2A.is,Export volumes Index s.a.,Volumes (Index s.a.),Export,Index s.a.,NA,Index,",d",qual,number,Line,NA
hm8,OTIM.Q.U2A.is,Import volumes Index s.a.,Volumes (Index s.a.),Import,Index s.a.,NA,Index,",d",qual,number,Line,NA
hm9,HLFS.Q.L05G001.ns,"Labour force participation rate	 - % s.a.",Labour Force % s.a.,Labour force participation rate,% s.a.,%,Total %,.1f,qual,number,Line,NA
hm9,HLFS.Q.L06G001.ns,"Unemployment rate	 - % s.a.",Unemployment % s.a.,Unemployment rate,% s.a.,%,Total %,.1f,qual,number,Line,NA
hm9,HLFS.Q.L04G001.ns,Not in labour force - 000s s.a.,Not in labour force,Not in labour force,000s s.a.,000s,000's,",d",qual,number,Line,NA
hm9,HLFS.Q.L07G001.ns,Working-age population - 000s s.a.,Working-age population,Working-age population,000s s.a.,000s,000's,",d",qual,number,Line,NA
hm9,LCI.Q.W1S0T0.ia,Labour cost index (LCI) - Index,LCI Index,Labour cost index (LCI),Index,Index,Index,",d",qual,number,Line,NA
hm9,LCI.Q.W1S0T0.iay,Labour cost index (LCI) - y/y%,LCI y/y%,Labour cost index (LCI),y/y%,%,%,.1f,qual,number,Line,NA
hm9,HLFS.Q.L04G001.nay,Not in labour force - y/y%,Not in Labour Force y/y%,Not in labour force,y/y%,%,%,.1f,qual,number,Line,NA
hm9,HLFS.Q.L07G001.nay,Working-age population - y/y%,Working-age population %,Working-age population,y/y%,%,Total %,.1f,qual,number,Line,NA
hm9,HLFS.Q.L01G001.nay,Labour force - Employed (y/y%),Employed (y/y%),Labour force,Employed (y/y%),%,Total %,.1f,qual,number,Line,NA
hm9,HLFS.Q.L02G001.nay,Labour force - Unemployed (y/y%),Unemployed (y/y%),Labour force,Unemployed (y/y%),%,Total %,.1f,qual,number,Line,NA
hm9,HLFS.Q.L03G001.nay,Labour force - Total (y/y%),Total (y/y%),Labour force,Total (y/y%),%,Total %,.1f,qual,number,Line,NA
hm9,HLFS.Q.L01G001.ns,Labour force - Employed (000s s.a.),Employed (000s s.a.),Labour force,Employed (000s s.a.),000s,000's,",d",qual,number,Line,NA
hm9,HLFS.Q.L02G001.ns,Labour force - Unemployed (000s s.a.),Unemployed (000s s.a.),Labour force,Unemployed (000s s.a.),000s,000's,",d",qual,number,Line,NA
hm9,HLFS.Q.L03G001.ns,Labour force - Total (000s s.a.),Labour Force (000s s.a.),Labour force,Total (000s s.a.),000s,000's,",d",qual,number,Line,NA
hm9,QESS21.Q.E03S2.na,Private sector wages - $,Private sector wages $,Private sector wages,$,NA,$,",d",qual,number,Line,NA
hm9,QESS21.Q.E03S2.naq,Private sector wages - q/q%,Private sector wages - q/q%,Private sector wages,q/q%,%,%,.1f,qual,number,Line,NA
hm9,QESS21.Q.E03S2.nay,Private sector wages - y/y%,Private sector wages - y/y%,Private sector wages,y/y%,%,%,.1f,qual,number,Line,NA
hm9,QESS21.Q.E03S1.na,Public sector wages - $,Public sector wages - $,Public sector wages,$,NA,$,",d",qual,number,Line,NA
hm9,QESS21.Q.E03S1.naq,Public sector wages - q/q%,Public sector wages - q/q%,Public sector wages,q/q%,%,%,.1f,qual,number,Line,NA
hm9,QESS21.Q.E03S1.nay,Public sector wages - y/y%,Public sector wages - y/y%,Public sector wages,y/y%,%,%,.1f,qual,number,Line,NA
hm9,QESS21.Q.E03S0.na,"Average hourly earnings (ordinary time and overtime)	 - $",Hourly Earnings $,Average hourly earnings (ordinary time and overtime),$,NA,$,",d",qual,number,Line,NA
hm9,QESS21.Q.E03S0.naq,"Average hourly earnings (ordinary time and overtime)	 - q/q%",Hourly Earnings q/q%,Average hourly earnings (ordinary time and overtime),q/q%,%,%,.1f,qual,number,Line,NA
hm9,QESS21.Q.E03S0.nay,"Average hourly earnings (ordinary time and overtime)	 - y/y%",Hourly Earnings y/y%,Average hourly earnings (ordinary time and overtime),y/y%,%,%,.1f,qual,number,Line,NA
hm10,QVB.Q.MR0H01.na,House sales,NA,House sales,NA,no,no,",d",qual,navyspread,Line,NA
hm10,HPI.Q.H01T0.ia,House price index (HPI),NA,House price index (HPI),NA,Index,Index,",d",qual,navyspread,Line,NA
hm10,HHAL.QC1,Total value of housing stock,NA,Total value of housing stock,NA,NZDm,NZDm,",d",qual,navyspread,Line,NA
hm10,GDE.Q.EI24.RA,Residential investment (GDP),NA,Residential investment (GDP),NA,NZDm(r),NZDm (r.),",d",qual,navyspread,Line,NA
hm14,SOE.Q.E100.na,Perception of monetary conditions (net) - End of current quarter,Perception of monetary conditions (net) - End of current quarter,Perception of monetary conditions (net),NA,%,Total %,.2f,qual,navyspread,Line,NA
hm14,SOE.Q.E101.na,Perception of monetary conditions (net) - Next quarter,Perception of monetary conditions (net) - Next quarter,Perception of monetary conditions (net),NA,%,Total %,.2f,qual,navyspread,Line,NA
hm14,SOE.Q.E102.na,Perception of monetary conditions (net) - 1 year out,Perception of monetary conditions (net) - 1 year out,Perception of monetary conditions (net),NA,%,Total %,.2f,qual,navyspread,Line,NA
hm14,SOE.Q.E210.na,Annual CPI growth - 1 year out,Annual CPI growth - 1 year out,Annual CPI growth,NA,%,%,.2f,qual,navyspread,Line,NA
hm14,SOE.Q.E215.na,Annual CPI growth - 2 years out,Annual CPI growth - 2 years out,Annual CPI growth,NA,%,%,.2f,qual,navyspread,Line,NA
hm14,SOE.Q.E220.na,Annual CPI growth - 5 years out,Annual CPI growth - 5 years out,Annual CPI growth,NA,%,%,.2f,qual,navyspread,Line,NA
hm14,SOE.Q.E230.na,Annual CPI growth - 10 years out,Annual CPI growth - 10 years out,Annual CPI growth,NA,%,%,.2f,qual,navyspread,Line,NA
hm14,SOE.Q.E350.na,Official Cash Rate (OCR) - End of current quarter,Official Cash Rate (OCR) - End of current quarter,Official Cash Rate (OCR),NA,%pa,%,.2f,qual,navyspread,Line,NA
hm14,SOE.Q.E351.na,Official Cash Rate (OCR) - 1 year out,Official Cash Rate (OCR) - 1 year out,Official Cash Rate (OCR),NA,%pa,%,.2f,qual,navyspread,Line,NA
hm14,SOE.Q.E353.na,Official Cash Rate (OCR) - 10 years out,Official Cash Rate (OCR) - 10 years out,Official Cash Rate (OCR),NA,%pa,%,.2f,qual,navyspread,Line,NA
hm14,SOE.Q.E356.na,Official Cash Rate (OCR) - 10 year average,Official Cash Rate (OCR) - 10 year average,Official Cash Rate (OCR),NA,%pa,%,.2f,qual,navyspread,Line,NA
hm14,SOE.Q.E310.na,10 year government bond yields - End of current quarter,10 year government bond yields - End of current quarter,10 year government bond yields,NA,%pa,%,.2f,qual,navyspread,Line,NA
hm14,SOE.Q.E311.na,10 year government bond yields - 1 year out,10 year government bond yields - 1 year out,10 year government bond yields,NA,%pa,%,.2f,qual,navyspread,Line,NA
hm14,SOE.Q.E402.ra,Annual GDP growth - 1 year out,Annual GDP growth - 1 year out,Annual GDP growth,NA,%,%,.2f,qual,navyspread,Line,NA
hm14,SOE.Q.E403.ra,Annual GDP growth - 2 years out,Annual GDP growth - 2 years out,Annual GDP growth,NA,%,%,.2f,qual,navyspread,Line,NA
hm14,SOE.Q.E460.na,Annual hourly wage growth - 1 year out,Annual hourly wage growth - 1 year out,Annual hourly wage growth,NA,%,%,.2f,qual,navyspread,Line,NA
hm14,SOE.Q.E461.na,Annual hourly wage growth - 2 years out,Annual hourly wage growth - 2 years out,Annual hourly wage growth,NA,%,%,.2f,qual,navyspread,Line,NA
hm14,SOE.Q.E470.na,Unemployment rate - 1 year out,Unemployment rate - 1 year out,Unemployment rate,NA,%,Total %,.2f,qual,navyspread,Line,NA
hm14,SOE.Q.E471.na,Unemployment rate - 2 years out,Unemployment rate - 2 years out,Unemployment rate,NA,%,Total %,.2f,qual,navyspread,Line,NA
hm14,SOE.Q.E320.na,US dollar exchange rate - Next quarter,US dollar exchange rate - Next quarter,US dollar exchange rate,NA,NZD/USD,NZD/USD,.2f,qual,navyspread,Line,NA
hm14,SOE.Q.E321.na,US dollar exchange rate - 1 year out,US dollar exchange rate - 1 year out,US dollar exchange rate,NA,NZD/USD,NZD/USD,.2f,qual,navyspread,Line,NA
hm14,SOE.Q.E330.na,Australian dollar exchange rate - Next quarter,Australian dollar exchange rate - Next quarter,Australian dollar exchange rate,NA,NZD/AUD,NZD/AUD,.2f,qual,navyspread,Line,NA
hm14,SOE.Q.E331.na,Australian dollar exchange rate - 1 year out,Australian dollar exchange rate - 1 year out,Australian dollar exchange rate,NA,NZD/AUD,NZD/AUD,.2f,qual,navyspread,Line,NA
hm14,SOE.Q.E480.na,House price index - 1 year out,House price index - 1 year out,House price index,NA,%,%,.2f,qual,navyspread,Line,NA
hm14,SOE.Q.E481.na,House price index - 2 years out,House price index - 2 years out,House price index,NA,%,%,.2f,qual,navyspread,Line,NA
hs32,BSPA.MAM2A4.P1,Owner occupier property use,Owner occupier property use,Total,Use,NZDm,NZDm,",d",qual,teal_dark,Fill,NA
hs32,BSPA.MAM2A4.P1H1,Interest only,Owner occupier property use,Interest only,Type,NZDm,NZDm,",d",qual,teal_dark,Fill,NA
hs32,BSPA.MAM2A4.P1H2,Revolving credit,Owner occupier property use,Revolving credit,Type,NZDm,NZDm,",d",qual,teal_dark,Fill,NA
hs32,BSPA.MAM2A4.P1H3,Principal & interest,Owner occupier property use,Principal & interest,Type,NZDm,NZDm,",d",qual,teal_dark,Fill,NA
hs32,BSPA.MAM2A4.P1H6,Other,Owner occupier property use,Other,Type,NZDm,NZDm,",d",qual,teal_dark,Fill,NA
hs32,BSPA.MAM3A4.P1,Residential investor property use,Residential investor property use,Total,Use,NZDm,NZDm,",d",qual,teal_dark,Fill,NA
hs32,BSPA.MAM3A4.P1N1,Interest only,Residential investor property use,Interest only,Type,NZDm,NZDm,",d",qual,teal_dark,Fill,NA
hs32,BSPA.MAM3A4.P1N2,Revolving credit,Residential investor property use,Revolving credit,Type,NZDm,NZDm,",d",qual,teal_dark,Fill,NA
hs32,BSPA.MAM3A4.P1N3,Principal & interest,Residential investor property use,Principal & interest,Type,NZDm,NZDm,",d",qual,teal_dark,Fill,NA
hs32,BSPA.MAM3A4.P1N9,Other,Residential investor property use,Other,Type,NZDm,NZDm,",d",qual,teal_dark,Fill,NA
hs32,BSPAS.MAN1A4.P2,Personal consumer loans,Personal consumer loans,Total,Use,NZDm,NZDm,",d",qual,teal_dark,Fill,NA
hs32,BSPA.MAN1A4.P2C1,Interest only,Personal consumer loans,Overdrafts,Type,NZDm,NZDm,",d",qual,teal_dark,Fill,NA
hs32,BSPA.MAN1A4.P2C2,Revolving credit,Personal consumer loans,Credit cards,Type,NZDm,NZDm,",d",qual,teal_dark,Fill,NA
hs32,BSPA.MAN1A4.P2C3,Principal & interest,Personal consumer loans,Term loans,Type,NZDm,NZDm,",d",qual,teal_dark,Fill,NA
hs32,BSPA.MAN1A4.P2C9,Other,Personal consumer loans,Other,Type,NZDm,NZDm,",d",qual,teal_dark,Fill,NA
hs32,BSPAS.MALA4.P3,Business loans,Business loans,Total,Use,NZDm,NZDm,",d",qual,teal_dark,Fill,NA
hs32,BSPA.MALA4.P3N1,Interest only,Business loans,Interest only,Type,NZDm,NZDm,",d",qual,teal_dark,Fill,NA
hs32,BSPA.MALA4.P3N2,Revolving credit,Business loans,Revolving credit,Type,NZDm,NZDm,",d",qual,teal_dark,Fill,NA
hs32,BSPA.MALA4.P3N3,Principal & interest,Business loans,Principal & interest,Type,NZDm,NZDm,",d",qual,teal_dark,Fill,NA
hs32,BSPA.MALA4.P3N6,Other,Business loans,Other,Type,NZDm,NZDm,",d",qual,teal_dark,Fill,NA
hs32,BSPAS.MALA4.P4ZA,Agriculture loans,Agriculture loans,Total,Use,NZDm,NZDm,",d",qual,teal_dark,Fill,NA
hs32,BSPA.MALA4.P4N1A,Interest only,Agriculture loans,Interest only,Type,NZDm,NZDm,",d",qual,teal_dark,Fill,NA
hs32,BSPA.MALA4.P4N2A,Revolving credit,Agriculture loans,Revolving credit,Type,NZDm,NZDm,",d",qual,teal_dark,Fill,NA
hs32,BSPA.MALA4.P4N3A,Principal & interest,Agriculture loans,Principal & interest,Type,NZDm,NZDm,",d",qual,teal_dark,Fill,NA
hs32,BSPA.MALA4.P4N6A,Other,Agriculture loans,Other,Type,NZDm,NZDm,",d",qual,teal_dark,Fill,NA
hs32,BSPA.MALA4.P5,Financial institutions loans,Financial institutions loans,Total,Use,NZDm,NZDm,",d",qual,teal_dark,Fill,NA
hs32,BSPA.MALA4.P5N1,Interest only,Financial institutions loans,Interest only,Type,NZDm,NZDm,",d",qual,teal_dark,Fill,NA
hs32,BSPA.MALA4.P5N2,Revolving credit,Financial institutions loans,Revolving credit,Type,NZDm,NZDm,",d",qual,teal_dark,Fill,NA
hs32,BSPA.MALA4.P5N3,Principal & interest,Financial institutions loans,Principal & interest,Type,NZDm,NZDm,",d",qual,teal_dark,Fill,NA
hs32,BSPA.MALA4.P5N6,Other,Financial institutions loans,Other,Type,NZDm,NZDm,",d",qual,teal_dark,Fill,NA
hs32,BSPA.MALA4.P9,Other loans,Other loans,Total,Use,NZDm,NZDm,",d",qual,teal_dark,Fill,NA
hs32,BSPA.MALA4.P9N1,Interest only,Other loans,Interest only,Type,NZDm,NZDm,",d",qual,teal_dark,Fill,NA
hs32,BSPA.MALA4.P9N2,Revolving credit,Other loans,Revolving credit,Type,NZDm,NZDm,",d",qual,teal_dark,Fill,NA
hs32,BSPA.MALA4.P9N3,Principal & interest,Other loans,Principal & interest,Type,NZDm,NZDm,",d",qual,teal_dark,Fill,NA
hs32,BSPA.MALA4.P9N6,Other,Other loans,Other,Type,NZDm,NZDm,",d",qual,teal_dark,Fill,NA
fuel,USD per Barrel,USD per Barrel,NA,USD per Barrel,NA,NA,$,",d",qual,teal_dark,Line,NA
fuel,NZD per Barrel,NZD per Barrel,NA,NZD per Barrel,NA,NA,$,",d",qual,teal_dark,Line,NA
adp,Available monthly stay unit capacity,Available monthly stay unit capacity,NA,NA,NA,NA,NA,",d",qual,black,Bar,NA
adp,Average guests per stay unit night,Average guests per stay unit night,NA,NA,NA,NA,NA,",d",qual,black,Bar,NA
adp,Average nights stayed per guest,Average nights stayed per guest,NA,NA,NA,NA,NA,",d",qual,black,Bar,NA
adp,Average stay units per establishment,Average stay units per establishment,NA,NA,NA,NA,NA,",d",qual,black,Bar,NA
adp,Capacity utilisation rate (%),Capacity utilisation rate (%),NA,NA,NA,NA,NA,",d",qual,black,Bar,NA
adp,Domestic guest nights,Domestic guest nights,NA,NA,NA,NA,NA,",d",qual,black,Bar,NA
adp,Guest arrivals,Guest arrivals,NA,NA,NA,NA,NA,",d",qual,black,Bar,NA
adp,International guest nights,International guest nights,NA,NA,NA,NA,NA,",d",qual,black,Bar,NA
adp,Monthly stay unit capacity,Monthly stay unit capacity,NA,NA,NA,NA,NA,",d",qual,black,Bar,NA
adp,Number of active establishments,Number of active establishments,NA,NA,NA,NA,NA,",d",qual,black,Bar,NA
adp,Number of establishments,Number of establishments,NA,NA,NA,NA,NA,",d",qual,black,Bar,NA
adp,Number of stay units,Number of stay units,NA,NA,NA,NA,NA,",d",qual,black,Bar,NA
adp,Occupancy rate (%),Occupancy rate (%),NA,NA,NA,NA,NA,",d",qual,black,Bar,NA
adp,Percentage of stay unit capacity available (%),Percentage of stay unit capacity available (%),NA,NA,NA,NA,NA,",d",qual,black,Bar,NA
adp,Proportion of domestic guests (%),Proportion of domestic guests (%),NA,NA,NA,NA,NA,",d",qual,black,Bar,NA
adp,Proportion of international guests (%),Proportion of international guests (%),NA,NA,NA,NA,NA,",d",qual,black,Bar,NA
adp,Stay unit nights occupied,Stay unit nights occupied,NA,NA,NA,NA,NA,",d",qual,black,Bar,NA
adp,Total guest nights,Total guest nights,NA,NA,NA,NA,NA,",d",qual,black,Bar,NA
bond,Lodged Bonds,Lodged Bonds,NA,NA,NA,NA,$,",d",qual,black,Line,NA
bond,Active Bonds,Active Bonds,NA,NA,NA,NA,$,",d",qual,black,Line,NA
bond,Closed Bonds,Closed Bonds,NA,NA,NA,NA,$,",d",qual,black,Line,NA
bond,Median Rent,Median Rent,NA,NA,NA,NA,$,",d",qual,black,Line,NA
bond,Geometric Mean Rent,Geometric Mean Rent,NA,NA,NA,NA,$,",d",qual,black,Line,NA
bond,Upper Quartile Rent,Upper Quartile Rent,NA,NA,NA,NA,$,",d",qual,black,Line,NA
bond,Lower Quartile Rent,Lower Quartile Rent,NA,NA,NA,NA,$,",d",qual,black,Line,NA
bond,Log Std Dev Weekly Rent,Log Std Dev Weekly Rent,NA,NA,NA,NA,$,",d",qual,black,Line,NA
border,Arrivals,Arrivals,-,-,-,-,-,",d",qual,black,NA,NA
NDM01,All house types,VALUE,All house types,All house types,Total,-,-,",d",qual,teal_dark,Fill,NA
NDM01,Single house,VALUE,Single house,Single house,Stack,-,-,",d",qual,teal_dark,Line,NA
NDM01,Scheme house,VALUE,Scheme house,Scheme house,Stack,-,-,",d",qual,teal_dark,Line,NA
NDM01,Apartment,VALUE,Apartment,Apartment,Stack,-,-,",d",qual,teal_dark,Line,NA
