Visitor arrivals by country of residence and closest overseas port (Monthly),,,,,,,,,,,,,,,,,,,,,,,,,,,,,,,,,,,,,,
,TOTAL ALL COUNTRIES OF RESIDENCE,,,,,,,,,,,,,,,,,,,,,,,,,,,,,,,,,,,,,
Date,Adelaide,Apia,Beijing,Bangkok,Brisbane,Bandar Seri Begawan,Guangzhou,Cairns,Denpasar,Buenos Aires,Hong Kong,Honolulu,Niue,Osaka,Kuala Lumpur,Los Angeles,Melbourne,Nadi,Nagoya,Norfolk Island,Noumea,Tokyo,Coolangatta,Perth,Papeete,Rarotonga,Santiago,Seoul,San Francisco,Shanghai,Singapore,Suva,Sydney,Tonga,Taipei,Port Vila,Vancouver,TOTAL ALL CLOSEST OVERSEAS PORTS
2000M01,0,1326,0,0,16286,0,0,357,0,1581,5253,1989,34,3468,3366,19312,17408,8568,34,204,2040,5304,153,1479,1071,1462,0,5338,0,0,12852,442,51493,1394,2193,170,0,167093
2000M02,0,1770,0,0,17910,0,0,690,0,1290,7635,1890,0,3510,3900,25365,19545,10305,0,15,960,6615,240,1785,1710,1905,0,4740,0,0,16020,630,55170,1380,4035,210,0,192765
2000M03,0,1245,0,30,15435,0,0,525,0,720,5280,1215,0,2235,3435,16905,19560,7080,0,90,480,5265,315,1545,1080,1215,0,4995,0,0,12510,405,47520,1245,2040,165,0,152850
2000M04,0,1485,0,0,13935,0,0,375,105,840,5775,675,0,2205,2970,15330,17775,5535,0,105,525,4440,450,1335,1020,1635,0,3705,0,0,12705,390,47700,1065,1515,165,0,143985
2000M05,0,1056,0,407,10384,0,0,528,88,418,3784,363,0,1595,2090,8459,12144,4664,0,110,671,3663,231,1155,770,891,0,2728,0,0,7942,143,31878,1188,1320,132,0,99022
2000M06,0,1224,0,0,9828,0,0,492,96,312,3288,516,0,1488,1764,9912,12072,3156,0,72,492,3156,228,1128,1128,984,0,2976,0,0,7992,0,32340,1128,1308,84,0,97464
2000M07,0,1500,0,0,12840,0,0,270,150,915,5385,615,0,2760,2910,13665,13305,4290,150,120,660,5250,165,1245,1380,1170,0,4740,0,0,9420,0,44205,1380,1890,165,0,130890
2000M08,0,1260,0,0,13272,0,0,350,112,490,3458,490,0,2716,2212,10206,13370,3234,532,112,728,5684,294,1372,1036,1176,0,2996,0,0,9030,0,40040,1372,1540,182,0,117432
2000M09,0,1365,0,0,13125,0,0,285,195,510,3765,435,0,2235,2715,8595,13680,3795,315,75,750,3495,360,1575,1215,1035,0,2100,0,0,8850,0,39540,1650,1560,135,0,113715
2000M10,0,1584,0,0,13216,0,0,496,240,656,5440,688,48,2736,3776,15616,17680,5584,400,112,832,4672,304,1376,1952,1712,0,2352,0,0,12192,48,48080,1376,1584,176,0,146560
2000M11,0,1744,0,0,17664,0,0,352,384,928,6576,1392,96,4512,5872,18016,20512,7056,1456,80,896,6544,240,1568,1744,2368,0,3952,0,0,14864,0,53936,1056,2096,272,0,182144
2000M12,0,4335,0,0,25177,0,0,646,884,1071,9112,2227,204,5202,6001,28101,29427,9877,2176,170,1088,5678,782,2023,3281,2890,0,4505,0,0,18360,0,73253,2329,2244,221,0,242845
2001M01,0,1440,0,0,19160,0,0,380,620,1500,6860,1740,140,4840,5460,22880,23560,9040,2780,180,1960,6320,220,1240,2380,1980,0,4700,0,0,13640,0,58000,1720,3420,300,0,197660
2001M02,0,1224,0,0,19805,0,0,510,493,1105,5831,1955,102,4964,5134,25636,23443,8075,1802,153,782,5525,306,1921,1955,2091,0,3502,0,0,13498,0,59381,1462,1972,221,0,199801
2001M03,0,1173,0,0,18411,0,0,493,204,884,5984,1343,68,4182,4131,19210,23443,5661,2006,102,493,5814,425,1870,1683,1870,0,3009,0,0,12767,0,57324,1394,1632,221,0,176936
2001M04,0,1258,0,0,16592,0,0,459,238,799,5304,408,0,4097,3536,12019,21573,4165,1785,51,646,5236,527,1479,1394,1428,0,2397,0,0,11560,170,52768,1105,1734,153,0,153204
2001M05,0,1638,0,0,12350,0,0,273,65,559,2990,520,0,2938,2093,8203,15964,3809,1430,78,494,4784,247,1222,1235,858,0,2002,0,0,8099,143,36036,1079,1079,208,0,110942
2001M06,0,1248,0,0,14430,0,0,221,143,533,3614,728,0,3094,1742,9997,15717,4017,1131,78,520,3159,286,1170,1573,1170,0,2106,0,0,7007,91,35243,1183,1547,104,0,112229
2001M07,0,1479,0,0,14042,0,0,153,204,952,5372,850,0,4318,2805,11645,17051,5848,1921,68,561,4964,323,1224,2890,1190,0,4012,0,0,9282,187,49300,1139,2142,153,0,144364
2001M08,0,1470,0,0,15435,0,0,180,90,510,4575,630,0,3810,2220,10575,18690,3810,2310,120,720,5400,270,1320,1200,1200,0,3300,0,0,9075,195,46275,1440,1680,135,0,136815
2001M09,0,1365,0,0,16785,0,0,60,180,735,4545,555,0,2985,2790,7605,19305,3735,1695,90,1065,4005,450,1455,1590,1275,0,2310,0,0,9030,120,44265,1110,1560,210,0,131175
2001M10,17,1275,0,0,12903,0,0,136,306,765,5899,714,85,2686,3502,14569,18241,5134,901,102,629,3723,374,1275,2006,1309,0,3179,0,0,11356,170,46631,1326,2312,136,0,141967
2001M11,0,1230,0,0,13455,0,0,480,420,990,6270,1110,0,3840,5010,16575,19575,5700,1485,75,735,4050,765,1425,2040,1845,0,4680,0,0,14490,180,53460,1695,1995,255,0,164520
2001M12,0,2941,0,0,21488,0,0,629,952,1258,9367,1887,0,5270,6817,26979,31161,7055,1598,306,1275,5542,2040,2737,3825,2703,0,9265,0,0,19414,391,66283,2380,2635,374,0,239768
2002M01,0,1491,0,0,13503,0,0,420,609,1407,6678,2016,21,5313,3990,25536,22890,6972,2751,147,2037,5754,1344,1701,3066,2226,0,8190,0,0,14007,231,59955,1197,2709,210,0,204645
2002M02,0,1445,0,0,17408,0,0,646,459,1020,8585,1887,0,5797,1921,28033,24412,6341,2992,85,884,5933,1343,1921,3060,2074,0,8500,0,0,14688,340,60996,1139,3774,255,0,212041
2002M03,0,1098,0,0,17496,0,0,432,396,1368,7596,1422,0,5652,2826,25200,25110,6156,2592,162,774,6174,2106,2088,2826,1692,0,4302,306,0,15102,216,63144,1800,2412,126,0,203868
2002M04,0,1020,0,0,11798,0,0,374,0,1003,5355,527,0,4420,1870,11084,18411,3893,1938,102,527,5593,1020,1649,1428,1394,0,4352,0,0,11118,323,49691,1343,2397,187,0,143718
2002M05,0,966,0,0,11662,0,0,476,0,532,5348,434,0,4802,2576,9268,15022,3416,1652,56,714,3416,966,1176,1428,1134,0,3066,0,0,8470,238,36456,1414,1554,196,0,118244
2002M06,0,871,0,0,13299,0,0,299,0,715,4706,598,0,2938,1833,12311,14404,3354,962,143,364,2717,819,1170,1430,910,0,2990,0,0,8788,208,35386,949,1794,182,0,115076
2002M07,0,986,0,0,14586,0,0,289,0,204,6902,612,0,5389,0,13668,18258,4658,1870,136,765,5219,918,2057,2601,1173,782,5950,0,0,10591,102,49589,1479,2771,170,0,152388
2002M08,0,848,0,0,14416,0,0,416,0,192,5312,592,0,4448,0,10896,16560,4320,2208,64,1216,4784,944,1296,1168,1056,432,4672,0,0,10256,240,42448,1312,2304,240,0,133104
2002M09,0,1125,0,0,16050,0,0,300,0,255,5445,690,0,4140,0,10800,18645,4215,1620,75,870,4650,1305,1635,1290,1275,600,3420,0,0,10815,345,42375,1365,2085,165,0,135930
2002M10,18,990,0,0,15552,0,0,396,0,180,6660,792,126,5166,180,18180,18774,5004,1998,90,792,6390,1080,1584,2088,1764,738,3888,0,0,13284,288,50634,1584,1908,216,0,162252
2002M11,0,1080,0,0,17874,0,0,648,0,324,8820,1026,234,6156,2484,21744,20682,5508,2196,162,828,6300,1206,1602,2088,1998,738,6930,0,0,16830,468,61416,1746,2358,180,0,198198
2002M12,0,2340,0,0,28420,0,0,820,0,480,11720,1400,280,6560,2140,32360,28820,6400,2860,160,1440,7140,2640,2920,3860,2660,760,10720,0,0,21240,440,76940,2800,3820,300,0,265600
2003M01,0,1219,0,0,18814,0,0,598,0,437,6946,1403,138,6325,2185,29417,21206,6739,3151,69,2001,5750,1495,1610,2829,2208,759,12351,0,0,15410,138,67068,1748,3335,161,0,220777
2003M02,0,1152,0,0,21960,0,0,1044,0,378,6786,1854,144,5976,1782,28854,23580,6318,2538,108,828,5076,1962,2376,2358,2448,414,7560,0,0,15804,378,71352,1656,2196,180,0,222102
2003M03,0,1121,0,0,19988,0,0,741,0,437,7201,1197,152,5586,1938,21470,21451,5662,2755,95,722,4484,1729,1843,2508,1672,741,5434,0,0,14402,456,62092,1615,1653,171,0,193743
2003M04,0,880,0,0,17200,0,0,864,0,336,3456,608,128,4432,1888,12560,20128,3824,1648,80,864,4288,1744,1968,1200,1888,704,4192,0,0,9312,416,51808,1648,1120,256,0,150272
2003M05,0,897,0,0,12194,0,0,845,0,338,1768,585,143,2561,1664,9867,14079,2964,676,65,936,2769,1014,1508,962,1482,611,2561,0,0,4693,351,34736,1300,650,221,0,102752
2003M06,0,1078,0,0,14399,0,0,528,0,198,3190,825,88,2101,1155,12430,14509,2981,0,121,396,2288,1100,1474,1342,1287,484,3861,0,0,7194,341,35992,1045,902,143,0,111716
2003M07,0,792,36,0,14508,0,0,666,0,468,6264,864,126,4626,2178,13572,15228,3384,1116,90,792,3762,1530,1674,1710,1404,648,7380,0,0,9846,270,49266,1566,1422,180,0,145566
2003M08,0,1020,0,0,13634,0,0,544,0,374,5831,578,102,4250,2380,9911,17255,2788,1598,51,1020,4029,1479,1139,1343,1564,612,4794,0,0,8585,357,46750,1632,1054,187,0,135150
2003M09,0,1200,0,0,17296,0,0,432,0,320,5104,704,192,3904,2624,10336,20960,2752,1360,112,1008,4368,1600,2160,1024,1392,640,5232,0,0,9968,336,50000,1648,992,144,0,148128
2003M10,0,1216,0,0,16758,0,0,532,0,323,6631,855,190,4313,4294,17100,18677,3762,1843,38,798,4085,1311,1520,2356,1843,475,6954,0,0,12654,247,52421,1520,1539,152,0,165604
2003M11,247,1254,0,0,20463,0,0,627,0,570,8170,1026,399,5358,5225,22135,22135,4541,1824,114,893,5662,1634,2033,2185,2128,608,11400,0,0,19532,399,63783,1577,1786,171,0,211698
2003M12,0,3454,0,0,38522,0,0,990,0,660,12408,1254,704,6050,5368,30030,32692,5676,2002,132,1386,6270,2552,3014,4444,2508,858,14718,0,1122,24222,550,84832,2310,2068,264,0,296912
2004M01,0,1475,0,0,28550,0,0,750,0,650,9625,1900,350,6600,4450,26875,24400,5225,1600,75,2375,5375,1325,2225,2875,2425,650,14700,0,675,17600,225,72500,1525,3150,175,0,243975
2004M02,0,1113,0,0,32907,0,0,798,0,525,7287,1218,273,5250,4221,27426,25095,5250,1764,168,924,5103,1806,2478,3255,2604,777,12348,0,0,18585,294,70224,1113,1911,189,0,237783
2004M03,0,1134,0,0,24675,0,0,840,0,504,8799,987,168,5271,3423,21882,27573,3633,2079,63,693,5691,1785,2079,2079,1806,819,8274,0,0,15813,378,67683,1365,1260,189,0,211743
2004M04,0,1722,0,0,23331,0,0,819,0,441,6741,609,252,4326,3927,14217,26439,3171,2016,126,840,4137,1449,1869,1617,1806,798,6363,0,0,12369,315,61992,1302,1029,105,0,184548
2004M05,0,1188,0,0,15102,0,0,702,0,306,4266,486,234,4644,2700,10170,18414,3042,1692,72,864,4230,1044,1404,1026,1116,648,5472,0,0,8190,342,42858,1044,1026,144,0,132750
2004M06,0,1088,0,0,18416,0,0,576,0,288,3904,736,256,3488,1968,12240,17424,3024,816,64,560,2912,1104,1440,1376,1168,560,5760,0,0,9200,336,42608,1056,1456,128,0,134272
2004M07,0,1000,0,0,20340,0,0,540,0,360,7440,700,320,4120,3000,11720,21100,3720,1320,200,1080,4060,900,1940,2280,1340,720,8320,1540,0,11300,220,57700,1500,1700,100,0,171620
2004M08,0,990,0,0,19140,0,0,484,0,308,5390,462,264,4092,2244,9834,20944,3146,2002,66,858,5346,1166,1716,1144,1408,484,6534,1254,0,8558,330,48400,1232,1474,264,0,150238
2004M09,0,940,0,0,22940,0,0,340,0,360,5600,460,160,3600,2460,9400,24080,2900,1440,240,1060,4240,1280,1520,1160,1400,580,6680,1220,0,9220,300,52720,1620,1400,200,0,159660
2004M10,21,1239,0,0,20517,0,0,546,0,399,8064,798,231,3696,4032,14469,21987,3864,1722,168,987,4788,1218,1995,2415,1932,777,8505,1701,0,13566,315,55818,1491,1470,189,0,179256
2004M11,0,1407,0,0,23520,0,0,462,0,315,9597,714,294,4809,7140,20118,24990,4494,1995,84,840,5733,1386,2310,1785,2373,357,11277,2751,0,19152,399,61404,1680,1575,168,0,218883
2004M12,1000,2425,0,0,40075,0,0,1150,0,650,14275,825,475,5350,8300,25350,40550,6425,1600,175,1800,5475,3350,4425,4750,2775,975,13625,2650,0,23850,525,88200,2775,2000,250,0,309425
2005M01,899,1131,0,0,25694,0,0,841,0,725,9715,870,87,5829,6786,22504,30073,5626,2175,174,2291,5800,1711,2610,3683,2146,754,13601,2262,0,17864,232,72790,1363,2175,203,0,246674
2005M02,836,924,0,0,29458,0,0,924,0,616,11374,1100,154,4642,6512,24222,30030,4972,1760,154,1166,5060,2398,2706,2332,2354,528,11132,2618,0,19294,242,71698,1452,2442,220,0,247390
2005M03,925,1225,0,25,29125,0,0,800,0,675,8600,825,100,5000,5850,21075,31850,4800,1850,225,800,4700,2500,3300,3075,2400,950,6675,2025,0,17650,450,70475,1600,1550,100,0,232675
2005M04,888,1392,0,0,20304,0,0,840,0,384,7200,648,168,3528,3048,10608,25968,3936,1656,120,936,5136,1632,2304,1704,1728,984,4176,1056,0,11784,456,56928,1728,1440,144,0,173280
2005M05,494,1121,0,0,16663,0,0,646,0,266,4617,608,171,3287,2850,9291,18354,3344,1938,76,969,4199,1463,1824,1501,1463,627,3705,1083,0,8664,266,42066,1311,1102,152,0,134235
2005M06,285,1064,0,0,22382,0,0,570,0,266,5301,570,114,3021,2812,13623,20881,4047,1995,133,608,4123,1805,2033,1501,1786,798,3572,1083,0,11039,304,46417,1387,1064,133,0,156161
2005M07,432,1008,0,504,19416,0,0,624,0,408,7512,384,120,2928,2640,11328,21024,4416,1344,72,1128,4896,2160,2160,2040,1752,936,5688,1368,0,10200,240,56520,1464,1776,120,0,166968
2005M08,420,1113,0,399,21042,0,0,399,0,378,4893,420,210,3444,3276,8904,20685,3444,1701,105,777,4956,1932,1890,861,1596,777,5292,1176,0,9492,294,46872,1470,1281,168,0,150003
2005M09,682,1232,0,594,25960,0,0,594,0,308,4862,484,88,2618,3146,8712,23056,3432,1386,88,1166,4180,2816,2178,1166,1452,704,4576,1254,0,8140,352,53856,1452,1562,154,0,162756
2005M10,644,943,0,851,21206,0,0,506,0,529,6555,598,184,3082,4232,14053,22149,4071,1426,92,828,4876,1702,2001,2047,2070,805,6256,1518,0,13662,138,53544,1725,1909,161,0,175605
2005M11,575,1932,0,805,25645,0,0,736,0,391,10810,1150,207,2944,6233,16514,25254,4600,1357,161,851,6256,1794,2231,2047,2162,1058,7843,2208,0,17549,322,61640,1426,1794,138,0,214107
2005M12,1050,3725,0,2700,42300,0,0,1150,0,1275,14375,925,175,3425,8250,24150,38275,6300,1625,100,1650,6400,5275,4525,3350,2925,1550,11200,4125,0,24500,600,81875,1950,2100,225,0,305675
2006M01,988,1040,0,2340,28340,0,0,858,0,572,10842,910,26,5018,6136,20384,30108,5486,2418,78,1976,6292,2522,2444,2522,2132,988,9672,2964,0,18746,416,72904,1300,3302,130,0,248560
2006M02,858,1606,0,2376,29414,0,0,1078,0,902,8118,1232,154,4422,5170,25234,31834,5302,2068,242,1276,5544,2640,3190,2750,2486,836,8096,4884,0,18986,330,71566,1122,2112,154,0,251174
2006M03,989,1610,0,2254,27393,0,0,874,0,989,8533,1380,115,3933,4094,18699,30521,4393,1817,138,966,4853,2530,3496,2760,2576,1058,5888,3381,0,17089,483,63319,1311,1610,207,0,223767
2006M04,1078,1980,0,2552,26268,0,0,770,0,396,5544,572,198,3388,2970,13266,27742,4884,0,220,814,4422,2178,2904,1848,1738,858,4994,2156,0,13552,440,59664,1342,1474,154,0,190498
2006M05,867,2006,0,1173,19346,0,0,714,0,391,3944,340,34,3298,2023,8330,20162,3553,0,51,1071,3723,1445,1751,1428,1615,969,3587,1020,0,9316,374,39763,1258,918,272,0,134980
2006M06,702,1620,0,1116,21780,0,0,522,0,324,3816,990,126,3060,1602,10476,19548,3870,0,90,540,4104,1296,1620,1260,1692,864,3942,1710,0,9738,288,39402,1080,1206,108,0,139266
2006M07,768,1536,0,1776,22560,0,0,672,0,432,6264,600,192,4008,2568,12264,20016,4440,0,96,768,5544,1608,2688,1728,1920,912,5472,2328,0,12168,192,49200,1560,1536,144,0,166536
2006M08,777,1806,0,1554,25242,0,0,441,0,441,4557,546,147,3171,2184,8694,20895,3906,0,42,1176,5859,1911,2205,1050,1533,903,4095,1785,0,9429,357,46746,1806,1407,252,0,155232
2006M09,1323,2079,0,1659,27321,0,0,609,0,441,5418,672,231,2436,1806,8757,25956,3171,0,105,1281,4347,2352,2541,1113,1785,1029,4935,2016,0,10038,399,49497,1302,1323,231,0,166383
2006M10,1254,1584,0,2002,24200,0,0,528,0,484,7876,704,110,3168,2354,15334,25300,4158,0,110,880,5522,1738,2596,1540,1914,1166,6226,2904,0,10670,352,57310,1188,1232,132,0,186010
2006M11,1100,1628,0,2156,28380,0,0,770,0,682,16038,616,154,3608,4334,15686,30030,4840,0,132,1254,6754,2178,2420,1804,2244,1188,7128,3850,814,14828,352,63602,1474,1562,176,0,228866
2006M12,2080,4134,0,3796,44148,0,0,1066,0,1404,21892,1248,260,3926,4966,21632,40534,6994,0,104,2002,8164,4992,4836,3172,3120,1612,10504,6058,2366,20618,624,84838,2366,1352,494,0,317616
2007M01,1512,1680,0,2156,29652,0,0,840,0,756,14392,1036,140,5292,3332,18228,29120,6188,0,112,1876,6832,2968,2604,1848,2464,1596,7980,4592,1736,16268,196,72856,1232,1540,252,0,245868
2007M02,1817,2185,0,3174,35489,0,0,874,0,759,16514,920,92,4094,3197,21666,34661,6256,0,115,1265,6486,3036,3243,1909,2806,1035,7199,5520,1932,17365,207,73669,1242,1725,253,0,266087
2007M03,1748,1886,0,3565,30153,0,0,552,0,851,13340,1081,138,3795,4094,17181,33235,4715,0,115,1173,5681,3105,3128,2714,2806,1311,6854,3933,897,15111,276,68632,1311,1633,253,0,238326
2007M04,1449,1909,0,2806,27209,0,0,851,0,644,9016,552,138,2898,2829,11293,26956,3864,0,69,1035,3910,2484,2944,1679,1955,1219,4715,2553,1242,10718,276,59363,1610,1219,368,0,192671
2007M05,828,1530,0,1908,21492,0,0,414,0,378,6300,396,126,2538,2718,8406,20178,3042,0,18,1242,3474,1944,1962,1386,1782,1008,3258,1494,756,7632,198,40626,1242,1098,270,0,140130
2007M06,855,1767,0,1729,23294,0,0,608,0,589,6194,399,133,4066,2223,9424,20083,3458,0,133,437,3211,2508,2052,1767,1273,1254,3686,1919,722,5909,38,42028,1083,1026,247,0,144799
2007M07,1056,1704,0,2592,25320,0,0,672,0,720,8424,624,72,3744,2184,9840,22968,4872,0,48,936,4608,1704,3288,1944,1704,1152,5808,1992,1584,7488,0,52392,1320,1296,192,0,172608
2007M08,594,1738,0,2156,26686,0,0,572,0,550,7480,528,66,3608,1958,7568,26136,3652,0,66,1144,4224,2310,2156,1254,1848,638,4180,1584,1188,7260,0,49852,1408,1320,220,0,164296
2007M09,828,2047,0,2001,27232,0,0,736,0,506,6923,529,253,3128,1771,8464,27002,3335,0,69,1035,3979,2070,2438,1518,1610,1127,4577,1748,1426,7222,0,51083,1679,989,207,0,167831
2007M10,943,1794,0,2507,23966,0,0,713,0,552,8510,667,253,3312,2898,12098,25829,4370,0,92,1081,4370,1817,2231,1955,1955,897,5313,2553,1656,8533,0,53705,1725,1265,368,0,179308
2007M11,1128,2472,0,2016,28608,0,0,936,0,912,12048,528,144,3600,3648,14928,31968,4632,0,48,888,6288,2208,2592,1944,2400,1224,6072,3792,2112,15048,0,63720,1800,1464,360,1536,227784
2007M12,1890,3780,0,3645,45144,0,0,1188,0,1404,22842,972,324,3807,4185,20331,41742,7398,0,135,1701,6885,5184,4428,3105,2592,1674,6696,4995,3834,21627,0,84051,2511,1188,432,2349,315576
2008M01,1102,1334,0,2755,30015,0,0,725,0,899,16617,841,116,4582,2871,18299,29754,6264,0,145,2378,6119,3364,3190,2320,2668,1682,5713,4205,2320,13601,0,73486,1189,1972,319,2001,252242
2008M02,1817,2323,0,3519,36363,0,0,1104,0,782,18975,943,115,4278,2944,22287,35443,6578,0,92,1058,6348,3312,3381,2806,2507,1518,5129,5635,2691,16813,0,77326,1495,1518,621,2507,279013
2008M03,1825,2125,0,3150,33600,0,0,1000,0,925,15500,525,300,3350,2650,17400,34425,5475,0,200,950,6475,3300,3125,2475,2125,1750,5400,4150,2300,15950,0,69800,1500,900,525,1550,250300
2008M04,1296,1872,0,2232,27672,0,0,912,0,744,9216,696,192,2496,2352,9144,24888,4104,0,96,1032,3816,2208,3024,1224,1824,1440,3960,2064,1464,10632,0,53760,1512,1416,672,552,179064
2008M05,800,2020,0,1320,21360,0,0,720,0,600,6940,300,200,2700,2080,7560,19760,3540,0,160,900,2880,1540,1880,1880,1460,1160,3060,1600,820,6860,0,42380,1480,1060,480,500,140160
2008M06,741,1748,0,1254,23294,304,0,342,0,665,7201,399,133,3211,1577,8189,19836,4066,0,57,608,3572,1501,1843,1710,1178,988,2679,1653,950,6783,0,41192,1083,494,228,323,142063
2008M07,792,1656,360,2064,25152,504,0,696,0,1176,9792,624,72,4632,1896,10464,22944,4632,0,72,960,3576,1944,2976,2184,1560,1080,5280,1800,1344,8712,0,52296,1008,1104,168,552,174984
2008M08,704,1870,528,1452,27016,594,0,396,0,550,7722,528,330,5588,1628,7458,23386,4246,0,44,1012,1892,1936,2508,1122,1430,1078,4158,1430,704,7128,0,49456,1672,704,308,484,161612
2008M09,1196,1633,322,851,26519,575,0,575,0,552,7889,345,184,4324,1196,7038,24794,3312,0,23,1288,1380,2369,2645,1449,1794,943,3197,1817,1127,7268,0,47311,1702,0,207,437,156446
2008M10,1056,1848,144,1728,23808,408,0,648,0,888,11424,480,72,5112,1776,10680,24768,4800,0,144,888,1608,1632,2592,2232,1800,1032,3912,2424,1416,8712,0,50568,1608,0,432,888,173136
2008M11,1012,2926,484,1716,28138,704,0,880,0,792,16786,418,264,2640,2882,13002,29788,5500,0,110,1342,4818,2354,2816,2266,1804,1452,5478,2882,1584,14212,0,59202,1892,0,792,1804,218130
2008M12,1755,4050,972,2187,46656,1026,0,1242,0,1323,24111,756,297,2403,3510,17280,43416,9018,0,108,1971,6723,5049,4374,3186,2295,1917,8397,5481,2808,19683,0,85914,2349,0,486,2592,320085
2009M01,1176,2016,1176,2156,30688,308,0,840,0,1176,19320,476,196,2968,2520,14028,32648,6664,0,28,2212,5544,2688,2772,2156,1988,1540,7000,4200,2016,12488,0,68880,1148,0,336,2128,242900
2009M02,1150,2323,575,2254,34454,460,0,851,0,1058,15916,851,184,2760,2208,19136,35374,5497,0,115,1173,5359,3220,3657,2208,2254,1035,6233,4600,1058,13087,0,73692,2001,0,828,2484,255300
2009M03,1560,2112,384,2520,32040,648,0,768,0,1032,14088,720,240,2208,2280,13200,35088,4416,0,144,1320,4968,3000,2856,2688,2136,792,5640,3000,1056,11592,0,65352,1824,0,696,1872,225672
2009M04,1210,1584,264,2266,29788,924,0,704,0,946,11396,374,88,1100,2288,9482,33462,3872,0,66,1386,4070,3102,2794,1474,1584,682,3102,2178,1122,7766,0,61512,1474,0,396,748,195140
2009M05,864,1764,252,1800,20556,414,0,486,0,594,6858,468,234,792,2484,7074,22464,3438,0,90,1368,2232,3546,1998,1710,1890,882,2052,1440,486,6030,0,44244,1440,0,324,612,140958
2009M06,558,1566,198,1422,22968,270,0,594,0,612,5742,324,108,216,1296,7758,21708,3672,0,54,756,1872,3222,1638,1908,1422,648,2376,1386,450,5886,0,40500,1278,0,468,576,134532
2009M07,1012,1564,506,1610,25162,782,0,437,0,851,9430,322,184,1656,1610,8809,25392,3289,0,46,1219,1633,3611,2438,2300,1702,1265,3243,1679,1196,7130,0,62192,1610,0,322,690,175536
2009M08,714,1869,315,1365,26292,462,0,483,0,462,7497,357,252,1827,1764,6825,26460,3318,0,63,1260,2310,3990,2184,1596,1575,840,2898,1323,630,5817,0,52626,1491,0,252,819,160293
2009M09,1155,1638,714,1617,28287,567,0,483,0,672,7203,399,210,2121,1743,7581,30156,3066,0,21,1596,2961,4284,2247,1449,1554,882,2457,1449,1008,6867,0,54642,1449,0,252,609,171402
2009M10,1012,1610,644,2162,22724,736,0,552,0,667,9361,391,230,2047,2254,11776,29026,3427,0,115,966,3496,3979,2277,1679,2116,805,3450,1702,1610,9039,0,63273,1472,0,368,874,186254
2009M11,1219,1909,943,1932,28037,920,0,690,0,943,14122,644,253,2024,2852,13984,31924,3979,0,0,1265,4347,4301,2438,2392,2162,1357,4232,2760,1541,13662,0,67229,2047,0,529,1403,219696
2009M12,1566,3726,972,3051,46089,1107,0,1026,0,1782,21546,945,243,2862,5265,20061,46251,7560,162,54,2187,5913,8586,4131,3645,2781,1377,6561,3969,2592,19224,0,104004,2835,0,594,2430,339849
2010M01,1334,1218,899,2117,29000,493,0,696,0,1276,14500,609,203,3190,3596,16878,34800,5104,435,145,2407,5974,4756,2668,2494,2552,1392,4930,3277,1508,11600,29,86362,1624,203,435,2204,255345
2010M02,1250,2450,1100,2650,33425,525,0,850,0,1175,16725,800,125,3400,2300,17725,37325,4750,0,150,1400,6125,6775,2750,2075,2300,1050,4075,3925,1825,14650,0,81650,1675,750,850,2450,266150
2010M03,1170,1638,1040,2418,31044,728,0,962,0,1066,13156,624,104,2496,2522,13442,37232,3770,0,104,1404,5044,6474,3250,2392,2054,962,5356,3068,1430,13468,0,77090,1482,0,702,1846,241826
2010M04,1176,1824,1032,2448,24912,840,0,936,0,672,8784,312,192,1272,2640,8208,29472,3264,0,72,1080,3024,5040,2592,1800,2064,888,3384,1608,1176,8424,0,64968,1368,0,408,720,187320
2010M05,660,1760,500,1080,18160,580,0,560,0,340,6660,240,160,1460,1680,8140,22020,3080,0,160,1860,3520,4740,2340,1560,1600,840,2520,1580,880,6840,0,42220,1120,0,520,420,140860
2010M06,740,1540,480,1320,23020,800,0,700,0,360,5400,220,140,2340,1200,7600,22820,2980,0,20,920,2520,4300,2200,1380,1160,740,2560,1220,760,6040,0,47260,1180,0,360,380,145040
2010M07,936,1608,600,1560,25920,1200,0,768,0,792,8832,312,240,1728,2328,8256,26904,3456,0,24,1320,3792,4272,2688,2664,1656,1080,3984,1032,1008,6744,192,63888,1224,0,240,576,182232
2010M08,704,1518,792,1738,27852,946,0,506,0,572,6424,374,198,1892,1496,7260,26686,2794,0,44,1210,4510,5082,2222,1254,1408,616,3432,1210,1144,6358,308,54406,1298,0,352,726,167486
2010M09,1232,1848,660,1826,27786,946,0,792,0,484,6996,330,176,1562,2530,7326,29326,2772,0,88,1342,3278,4774,2310,1628,1320,946,2904,1210,1320,6380,286,56738,1298,0,308,264,173074
2010M10,1425,1900,750,2725,22200,1775,0,775,0,1000,9300,475,325,1750,3350,10275,27450,3875,0,125,1250,3875,4175,2950,2025,1250,1125,3400,2025,1325,7700,400,58250,1350,0,325,1175,183575
2010M11,1575,2175,1075,2100,26825,1900,0,875,0,825,11900,800,100,2275,3000,13650,33725,4250,0,50,1725,5525,6525,2525,2525,1475,1425,4900,2850,1575,12525,300,67100,1725,0,550,1650,225100
2010M12,2523,3190,1595,4118,45907,3248,0,1798,0,1218,18299,928,203,2929,5075,18763,52635,6815,203,87,2552,6380,10991,4118,3480,2494,2291,6293,4814,2523,19169,406,97440,2378,0,609,2871,342751
2011M01,1710,1500,1380,2640,33750,1800,0,1230,0,1230,13920,480,210,3660,3300,15570,40800,4620,810,180,2790,5910,6720,2610,2970,1800,1740,4980,3630,2100,10800,180,82200,1200,0,420,1860,265020
2011M02,1650,2250,850,2950,35925,2725,0,1000,0,800,13700,1075,50,2875,2950,18650,40800,4425,875,75,1250,5825,7525,3825,2450,2350,1175,4100,4975,1550,11925,275,77500,1800,0,675,2525,267500
2011M03,1350,2040,750,2430,27450,1620,0,960,0,1080,9540,720,180,1050,3000,12840,37140,4200,420,90,1680,3360,6330,3630,2010,2010,1290,4260,3540,1470,9210,120,65070,1110,0,690,1620,214800
2011M04,1080,1872,792,2064,27600,1080,1224,1608,0,720,8736,360,144,816,5808,9240,36120,3048,0,96,1248,792,5736,2856,2280,1776,1032,2640,1920,1248,8088,312,61944,1344,0,384,648,197184
2011M05,880,2060,540,1420,19080,380,1160,1300,0,560,5120,260,160,900,5240,6480,23040,2460,0,80,1400,840,5120,2040,1680,1860,700,2060,1600,840,7220,240,40360,1060,0,580,440,140280
2011M06,620,1580,540,1000,20860,520,1240,1140,0,280,5200,320,160,2360,3280,5800,20280,2800,0,60,1000,1360,3980,2160,1660,1480,460,1920,1320,940,6500,300,37660,1080,0,260,240,130820
2011M07,896,1504,1040,1936,25120,656,1360,1168,0,608,9024,352,240,2208,3296,7312,29440,3216,0,48,1296,944,4896,2816,2528,1344,848,4448,1440,1488,6976,272,54560,1264,0,224,496,175456
2011M08,928,1664,944,1232,27792,592,1648,1248,0,656,7280,320,272,2416,4080,5664,30784,2752,0,64,1456,2192,6656,2416,1296,1376,992,2848,1392,1232,7600,288,53248,1360,0,272,528,175632
2011M09,1136,2272,928,1712,31808,1312,1200,1424,0,1952,9440,496,192,1872,5872,9504,33376,4208,0,96,1760,1424,6528,3184,1488,1568,2496,3792,1744,1216,10384,384,70752,1728,0,192,1136,219008
2011M10,1408,1504,816,2208,28224,896,1392,1440,0,816,10528,608,192,1376,5456,10208,31504,3616,0,48,1456,1600,4992,3584,2048,1744,1200,4432,2368,2064,12160,352,67328,1600,0,608,1184,215488
2011M11,1456,2128,896,1312,32624,0,2848,912,0,912,12672,672,208,1488,5696,10688,34992,3648,0,80,1728,3344,5760,3008,2224,1792,1136,5600,2896,2016,13760,400,66064,1808,0,656,1808,229712
2011M12,2640,3888,1616,2768,50720,0,3888,1712,0,1296,19568,704,224,2480,8320,16448,54560,6400,0,64,2368,5280,11120,4896,3840,2240,1984,9840,5680,2736,21392,576,99520,2688,0,448,2944,363296
2012M01,1936,1456,1360,1952,30768,32,3120,1152,0,816,17360,560,176,2528,5840,12832,39664,4896,192,144,2576,4752,6208,3488,2816,1760,1536,8080,4208,3072,13712,304,76880,1104,0,448,2016,266320
2012M02,1696,2384,704,1824,34992,0,1808,1392,0,688,11552,992,144,2448,4848,15888,39616,4240,592,80,1472,4256,7376,3744,2656,1568,1312,5056,5040,2032,13472,240,74720,1600,0,752,2640,258384
2012M03,1728,1872,864,1888,33168,0,3456,1312,0,1056,10528,528,192,1600,5504,11760,39920,3552,0,80,1616,3984,7232,3968,2240,1600,1152,5280,3456,1936,12480,352,68064,1536,0,608,1824,239280
2012M04,1440,2160,1104,1968,26832,0,2800,1808,0,624,7600,384,240,1296,4832,7200,32896,3312,0,176,1264,2080,6288,3648,2336,1824,1040,2976,2128,2112,9264,416,59696,1216,0,384,896,195056
2012M05,592,1456,544,864,20160,0,2176,1232,0,512,4432,240,112,976,4640,4848,24464,2688,0,48,1680,1504,4944,2160,1712,1360,944,2208,1520,1600,6672,240,41056,1200,0,640,592,140272
2012M06,736,1472,576,880,25472,0,2000,1008,48,496,4736,336,144,1152,1376,4064,26080,3152,0,64,928,2272,5840,2368,1568,1232,912,2048,1312,1424,7248,352,46928,1072,0,464,608,150496
2012M07,1008,1696,96,1648,26016,0,2336,1120,32,0,6704,336,160,1616,2144,4208,30080,3536,0,64,1312,3648,4480,3200,2224,1632,1296,2336,1600,2320,8400,240,54752,1248,0,336,544,172704
2012M08,864,1712,0,1264,30112,0,2960,1296,272,0,6128,336,160,1840,1792,3712,32288,3312,0,64,1472,3952,5520,3360,1584,1552,704,2384,1424,2592,8688,384,53344,1392,0,256,464,177504
2012M09,1040,1744,48,1408,28448,0,3024,1296,80,0,6112,160,224,880,1840,4272,31616,3600,0,112,1376,2208,5120,3568,1792,1824,1376,2368,1408,2304,7888,240,57968,1568,0,368,784,178272
2012M10,1232,1968,0,1904,25408,0,2368,1168,64,0,8256,480,160,1440,2848,6048,31760,4240,0,96,1296,2896,4272,3264,1888,1440,1184,2960,2224,2592,10032,352,55616,1536,0,672,1136,183440
2012M11,1472,2208,0,1472,30352,0,3520,1136,0,0,10144,656,208,1296,3776,7152,40608,4656,0,80,1872,3888,5920,3632,2432,1552,1232,3200,3168,2800,14800,384,71728,1792,0,848,1504,231104
2012M12,2464,3712,0,3536,47840,0,4816,1680,0,0,18672,1184,352,2512,5072,12176,60208,7040,208,128,2496,6448,10880,5616,3472,2160,1968,7200,6032,4336,20928,464,105344,2624,0,512,3424,361952
2013M01,1600,1520,0,2272,32032,0,3440,1312,0,0,11888,528,160,1376,2896,8480,44272,5248,1024,80,3040,4768,6192,3600,2672,1936,1984,5776,4816,3376,11824,336,78576,1392,0,512,2240,259424
2013M02,1824,1744,0,2592,36784,0,3168,1072,0,0,14960,1232,112,1856,3264,10544,45376,4848,0,48,1568,5392,7584,4096,2368,1728,1568,7072,5648,4368,14288,400,80368,1632,0,752,2992,279920
2013M03,1984,1856,0,2736,37264,16,4144,1248,0,0,9920,2288,144,1440,3872,9888,46336,3888,0,80,1408,5264,8000,4672,2688,1696,2192,4928,3904,3648,13664,464,79408,1728,0,656,2176,269664
2013M04,1728,1888,0,2752,26512,0,3936,560,0,0,7392,1056,272,0,3088,5456,36624,3328,0,64,1600,3392,6336,3632,2272,1456,1632,2720,2192,2848,10528,336,62608,1328,0,544,864,200304
2013M05,816,1696,0,1456,22832,0,3456,512,0,0,5088,928,128,144,2864,4720,27440,2976,0,64,1104,2304,4128,2128,1632,1616,1136,1760,1936,2016,7504,320,46464,1424,0,720,688,152384
2013M06,672,1888,0,944,26960,0,3168,496,112,0,5232,1104,272,1232,2304,3952,28768,2240,0,80,1488,1248,4912,2272,1936,1328,1072,2048,1776,1920,7552,208,49376,1296,0,352,480,159120
2013M07,1328,1776,0,1456,27968,0,3424,688,48,0,7408,896,192,1472,2384,4352,33504,2864,0,64,864,3216,4000,3760,2096,1520,1248,2000,2096,2912,8608,336,58576,1168,0,304,640,183744
2013M08,848,1680,0,1056,31712,0,3344,560,96,48,6560,864,240,1648,2864,3824,34928,3008,0,32,2112,4048,5600,3008,1136,1552,992,2288,1648,2976,9504,272,57008,1792,0,320,848,188848
2013M09,1232,1936,0,1312,30112,0,3504,624,112,0,6304,800,192,1584,2512,4192,36464,2832,0,48,1232,2400,5664,3360,1712,1392,928,2288,1696,3344,10160,352,59696,1504,0,304,752,190960
2013M10,1504,1968,0,1536,27264,0,3216,800,48,0,7376,1296,256,1200,3328,5616,33728,3360,0,96,1584,3024,4560,3504,2112,1600,928,2880,2528,3456,12256,272,58880,1664,0,688,1072,194368
2013M11,1632,2656,0,2272,32800,0,3936,544,0,0,10032,1904,352,336,4560,7648,40032,4832,0,80,1856,4896,5904,3824,2176,1920,1344,4672,3664,4112,15536,432,75984,1936,0,928,1680,250096
2013M12,3088,4160,0,3728,47424,0,7072,720,0,0,18784,3792,304,1280,6096,13072,61120,7344,0,48,2640,5904,11456,7808,3792,2496,2432,8048,6064,5872,22800,480,108176,2848,16,480,3856,381584
2014M01,2896,1744,0,3088,36960,0,6000,656,0,0,14912,2256,160,528,4112,9296,47040,5280,592,112,3216,4944,7840,6016,2976,1888,1904,6512,3824,5168,14992,288,85056,1200,0,384,2272,291984
2014M02,2928,2592,0,3040,42256,0,4528,848,0,0,13104,3248,176,560,3568,11744,45968,5392,320,96,1520,5600,8192,5648,2752,1616,1872,6208,6016,4464,15040,368,87392,1600,0,864,3088,300560
2014M03,2512,2208,0,2288,33152,0,4240,608,0,0,9024,2096,192,0,4032,9872,43328,3712,0,80,1472,5776,7168,4928,3408,1792,1856,4336,4720,4176,13008,320,73552,1456,0,624,2144,253376
2014M04,2208,1952,0,2096,32032,0,5968,736,0,0,7616,1008,160,0,4704,5344,39520,3664,0,48,1728,3648,6336,5008,2192,1728,1104,2368,2848,3296,12016,304,70528,1376,0,704,1152,223936
2014M05,1280,1904,0,1168,22320,0,4272,448,0,0,5376,768,256,0,3488,4528,27808,3584,0,48,1376,3968,4688,2432,1776,1568,1232,1936,2272,2144,8304,336,47888,1344,0,768,704,161152
2014M06,1360,2000,0,1008,25184,0,3424,544,80,0,4336,800,224,0,2496,4224,28512,2816,0,96,1376,3808,5264,2336,1696,1360,1312,1552,2064,2304,7200,320,51472,1232,0,400,672,162016
2014M07,1392,2048,0,1520,29664,0,5248,400,304,0,7104,928,240,0,3008,4288,35584,3312,0,32,1040,4896,6144,4176,2576,1152,1152,2176,2224,3248,8800,160,61056,1488,0,272,736,196736
2014M08,1008,2160,0,1136,30640,0,5248,416,80,0,6512,768,224,0,2592,3888,35040,3472,0,48,1760,5456,5408,3296,1360,1408,1328,2064,1616,3104,7872,320,57616,1536,0,304,800,188784
2014M09,1120,2240,0,1776,31488,0,5424,608,80,0,5776,896,224,0,3360,3808,33984,3120,0,48,1040,4336,5152,3760,1792,1536,1680,2112,1648,2720,8832,336,61056,1536,0,288,656,192752
2014M10,1200,2256,0,1904,28992,0,5488,576,80,0,6976,1376,352,672,3760,5504,38304,3632,0,48,1664,4384,4304,3504,2448,1760,1216,2272,2304,3536,10688,224,64832,1568,0,928,1008,210224
2014M11,1424,2720,64,1824,37136,0,7984,64,0,0,10032,2672,224,400,4576,7840,45808,4832,0,112,1728,6304,5824,3904,3200,1808,1536,4416,3632,3888,16256,576,79792,1824,0,1120,1872,269888
2014M12,2304,4624,0,2976,50912,0,10960,0,0,0,18864,3440,192,0,6160,12992,62432,7248,0,96,2688,8688,12352,8080,4288,2800,1936,7776,6944,8416,25536,704,114272,3312,0,560,3712,402112
2015M01,1920,1952,0,1440,39424,0,9008,0,0,0,12544,2112,208,0,3648,8880,50224,5648,0,80,3072,6624,7936,6544,3008,2336,1616,6016,5072,7872,14720,272,91328,1488,0,384,2592,302352
2015M02,1984,2432,0,2272,45856,0,10496,0,16,0,16352,3424,144,0,4272,10656,51136,5792,0,96,1440,8096,9936,7664,3584,1600,1568,6304,7200,10448,20128,336,92928,1824,0,832,3216,343120
2015M03,2064,2320,0,2560,38448,0,9280,112,0,0,11088,2064,272,0,4336,9424,49728,4400,0,80,1504,7312,7776,7600,3472,1744,1904,4176,5104,6640,16416,288,83328,1904,0,720,2400,291328
2015M04,1248,2240,0,2624,33744,0,7104,624,0,0,8896,1280,208,0,4192,6688,42992,4240,0,160,1664,4416,7936,5296,2304,1824,1616,2704,3024,4432,11008,304,70176,1504,0,464,1104,237616
2015M05,720,2112,0,1808,25680,0,6048,336,16,0,6832,912,240,0,2336,5536,32800,3568,0,112,1296,4032,6192,2416,2064,1488,1392,2080,2384,2976,8208,304,49072,1408,0,672,944,176672
2015M06,688,2320,0,1328,27600,0,4112,256,48,0,5840,1024,176,0,2112,5392,33424,3056,0,64,1312,3664,6592,2512,2000,1168,1216,1808,2208,2640,7392,256,53456,1168,0,240,976,176448
2015M07,1120,1952,0,1792,29392,0,4448,368,144,0,7584,1040,320,0,2496,5264,39136,4112,0,48,1312,5056,8128,4016,2496,1552,1312,2304,1936,3856,9568,208,63424,1696,0,368,992,207952
2015M08,800,2320,0,1536,30928,0,5056,400,128,0,8096,624,336,0,2384,4656,38352,3840,0,64,2080,5584,7520,3296,1968,1840,1408,2160,1504,3472,8864,304,59392,2016,0,368,1040,202720
2015M09,1456,2768,0,2320,32800,0,5392,464,128,0,8368,848,272,0,2768,4320,41312,3840,0,80,1152,5296,7680,3664,1632,1648,1488,2448,1792,4496,9584,256,64480,2064,0,336,1168,216656
2015M10,1408,2144,0,2320,29952,0,6016,592,96,0,7088,1344,272,0,3200,6000,42672,4224,0,32,1712,5648,6624,4400,2208,1856,1584,2864,2112,6960,12416,448,68800,1728,0,1024,1120,229376
2015M11,1664,3056,0,2480,37456,0,8624,64,0,0,10848,2080,336,0,3968,8464,52544,5712,0,48,1648,6496,8256,4944,2704,2240,1776,4720,3600,7648,18592,512,88720,2192,0,1072,2048,300384
2015M12,2112,4880,3728,3344,58176,0,11968,1472,0,1424,23024,3552,432,0,5568,12320,73920,9360,0,64,3024,9568,14240,8752,4160,2272,2672,8992,6416,9936,26496,512,115568,4288,0,400,4704,444688
2016M01,2064,2304,4032,1808,41520,0,10064,672,0,992,16064,2208,208,0,3088,8064,57920,6240,0,128,3312,8224,8688,8000,3296,2400,2208,8288,4784,9376,18144,224,94736,1888,0,464,3536,343488
2016M02,2160,2688,3888,2176,48048,0,9136,896,0,896,18224,3264,144,0,4320,11440,61024,5648,0,128,1696,8896,9792,8480,3408,1952,2272,7200,5456,10608,21152,272,97632,1888,0,640,3664,373296
2016M03,1872,2448,3264,3200,42416,0,10288,1056,32,1312,10736,2592,224,16,3856,9392,60080,4960,0,80,1920,8240,12160,7760,3920,2176,2400,3968,4928,9744,17200,400,94624,2272,0,800,2512,344304
2016M04,1376,2432,2560,3184,29568,96,9696,1600,0,592,9280,1136,224,0,3056,4656,40880,3968,0,64,1648,4928,12112,6096,2464,2096,1664,3424,2784,9632,10480,512,74800,1648,0,464,1568,256752
2016M05,832,2496,1728,2576,23680,0,6656,1248,16,528,6928,992,128,0,2576,3680,32240,3984,0,48,1168,4240,10080,2576,2384,2048,1584,2864,2080,6304,8720,304,51424,1648,0,704,960,193824
2016M06,720,2032,1776,2464,27504,0,5600,1216,32,336,5504,1040,256,0,1424,4176,34384,3552,0,16,1296,3664,11120,2976,2080,1600,1312,2048,1504,4800,7488,272,56528,1744,0,576,896,196256
2016M07,1120,1984,2112,3024,28832,0,8096,1584,64,848,7712,976,272,0,3280,6288,38880,3904,0,48,1328,4832,10272,3904,3040,2176,2064,2960,3120,7728,9520,384,69488,1904,0,272,1008,237824
2016M08,720,2464,1536,2560,30688,0,6880,1088,64,496,6576,832,320,0,2208,5360,38640,3392,0,64,2080,5776,12016,3200,2160,2048,1168,2352,2608,6864,6960,304,61776,2272,0,304,976,220592
2016M09,1344,2544,2064,2800,33136,0,7920,1520,80,944,6864,1360,320,0,2896,5760,41440,3936,0,64,1312,4944,13456,4048,1888,1648,1600,2416,2864,7248,8624,432,69552,2160,0,272,1152,243936
2016M10,1696,2432,2512,3200,31088,0,8016,1920,48,880,7536,1456,304,0,3808,6544,41024,4048,0,48,1392,5280,13872,3584,2672,1648,1616,2800,4576,7968,13280,400,72400,2000,0,1120,1600,260720
2016M11,1568,3248,4176,3280,38896,0,9616,1072,0,1248,13248,1936,256,1920,4400,9184,50416,5984,0,80,1632,6320,14048,5040,3136,2544,1520,5296,8112,8672,17568,368,85792,2496,0,1008,2736,331424
2016M12,2176,5760,5232,4320,56624,0,13872,1680,0,1744,27824,3264,400,2336,6000,13776,75856,9664,0,48,2944,9488,21344,8208,4560,2768,2704,8496,11296,11344,25040,528,117360,4400,0,672,4400,491920
2017M01,1520,1984,4080,2624,38688,0,14192,928,0,1584,22032,1872,192,2240,3904,9184,58704,7008,0,96,3472,7760,12864,7024,3216,2384,1920,8256,7776,11520,17504,304,93520,1776,0,368,3216,379120
2017M02,1888,2608,2320,3584,40528,0,8656,1264,0,1520,18672,2736,208,2320,3552,15664,56320,5520,0,64,1520,7232,13008,7264,3600,2016,1984,5952,10944,7760,17392,304,89936,2128,0,848,3248,378560
2017M03,1744,2704,2768,3856,41072,0,9056,1296,0,1376,14432,2496,208,1872,3584,12960,53472,4624,0,32,1712,7056,14880,6560,3984,1984,2000,4112,9168,7392,13472,320,85568,2288,0,1120,2544,342800
2017M04,1632,2416,2752,4064,36144,0,7168,1920,0,1056,14832,1120,320,144,3712,9088,50960,4880,0,96,1696,4192,14320,6512,2496,2576,1824,4048,5280,8016,11568,448,85952,1824,0,528,2304,310736
2017M05,720,2208,1408,2608,25712,0,5424,1264,16,800,9376,912,272,0,3216,6656,34208,3488,0,48,1312,4032,12240,2752,2672,1824,1360,2224,2384,5200,8016,240,54992,1376,0,656,768,208576
2017M06,624,2608,1168,2160,31376,0,4480,1552,96,624,8896,880,272,0,3200,7584,38192,3104,0,32,1264,3728,12704,3472,1824,1632,1456,2208,2112,3904,9024,288,64464,1920,0,464,704,229536
2017M07,992,2208,2384,2784,28752,0,5584,1376,144,1040,12144,1120,416,0,1760,5680,41952,4752,0,0,1376,5552,11088,3568,3376,2096,2112,2624,1728,6912,8384,240,69472,1904,0,288,832,246656
2017M08,800,2304,2128,2544,31840,0,6352,1168,48,736,9648,928,256,0,2608,3232,38640,3872,0,16,2032,7888,13376,3696,2112,2208,1264,2320,2032,5280,7696,256,62960,2160,0,272,976,233632
2017M09,1072,2464,2256,2480,34544,0,6272,1552,80,1008,10432,1184,352,0,2384,3296,43168,3760,0,32,1344,5808,14560,3824,2240,2240,2080,3072,1760,6064,9040,288,67888,2080,0,368,944,252432
2017M10,1344,2320,2560,3728,30528,0,6848,1680,112,1104,12800,1520,272,544,3344,7888,41952,4368,0,32,1728,5872,11968,3616,2912,2608,1984,3728,2544,6720,12000,384,67648,2256,0,704,1712,269808
2017M11,1792,3744,4896,3264,39088,0,11072,1312,0,1280,14832,2112,256,2256,4080,12288,56528,6496,0,16,1776,7168,16432,4192,3232,2144,1952,5328,8256,7568,17632,480,87440,2368,0,1440,2512,359296
2017M12,2512,5392,6448,5536,58528,0,14704,2016,0,2080,31136,3840,400,2032,6320,16016,73904,10464,0,64,3120,9792,21712,9696,4768,2928,3328,8800,12608,11008,25568,768,110352,3888,0,624,4928,512192
2018M01,1712,2432,4192,3872,40800,0,9888,16,16,2048,21520,3120,352,2224,2944,11168,60464,6528,0,32,3376,7152,12672,6464,3600,2784,2288,7824,8224,8224,18448,352,87872,1648,0,480,3472,378336
2018M02,1776,2672,5264,3856,44256,0,12688,0,0,1856,28720,3296,208,2384,4048,16320,62736,6144,0,0,1632,7888,14544,6032,4096,2208,2880,6928,12368,12112,20192,272,89696,1728,0,736,4880,422960
2018M03,1840,2960,4352,4352,43616,0,9520,272,0,1920,16240,3312,368,1840,4000,12352,62736,5872,0,0,1856,7984,17136,5872,4448,2608,2816,5456,10592,8656,18288,272,94848,2272,0,1200,3136,387952
2018M04,1408,2576,2784,4272,33200,0,6464,544,112,1376,13408,1776,256,0,3360,4560,45248,4352,0,0,1568,4800,14640,4208,2848,2512,2176,3344,3536,9920,11424,336,75552,1728,0,288,1792,283520
2018M05,896,2496,2176,3248,27632,0,5904,368,64,752,9600,1712,240,0,2576,3728,35856,4528,0,16,1248,3440,12800,2736,2512,1952,1392,2752,2496,5984,9776,272,57056,1696,0,768,960,221488
2018M06,640,2528,1648,2672,28272,0,4400,288,880,480,7840,1840,256,0,3456,3984,36720,3648,0,0,1888,3168,12512,3024,1904,1840,1312,2144,2032,4240,8112,288,56912,1392,0,304,800,211856
2018M07,1072,2384,2496,3984,30352,0,5632,704,1168,816,11104,1856,288,0,3328,3200,41392,3776,0,0,1056,5632,11552,3280,3152,2208,1408,2176,1808,7456,8400,320,71760,2096,0,320,1360,250032
2018M08,1104,2688,2352,3312,32576,0,6496,544,816,736,10512,1632,304,0,3664,2880,39696,4864,0,0,2304,7472,14128,3648,2320,2288,1792,1920,1968,7184,8016,336,63728,2272,0,368,720,246112
2018M09,1392,2896,2656,3696,34688,0,6832,672,1328,1024,11056,2064,304,0,3648,3520,44720,4096,0,0,1504,5312,13632,3344,2192,1936,1744,2400,1872,7056,9440,400,65616,1824,0,512,992,257520
2018M10,1488,2960,2800,4608,30448,0,6816,544,2688,656,10592,2896,304,512,3808,5056,44896,4880,0,16,1856,5472,11936,3856,3200,2496,1888,3136,2832,7232,12672,352,74768,2304,0,1264,1856,282896
2018M11,1753,3908,4709,4225,39042,27,12544,0,2774,1186,12593,2845,323,2140,5231,12553,58746,6840,0,17,1585,6287,16189,4399,3319,2523,2209,5615,9849,8074,22408,480,90719,2819,2828,1018,2820,385789
2018M12,2365,5484,5744,6041,54071,0,15099,7,5653,2271,26219,5491,375,2908,6067,17225,75750,11228,0,11,2769,9050,21078,8324,4743,3275,3261,7138,13857,12494,31295,619,114836,4065,2902,716,5013,529255
2019M01,1841,2449,4742,3716,37494,0,10857,0,4279,1586,18476,4020,318,2338,3850,11789,58955,6930,0,5,3248,6942,13776,5976,3677,3256,2633,6629,10032,10612,21968,465,94923,1878,2515,638,3872,399346
2019M02,2118,3259,4432,4424,40591,0,12312,0,2781,1962,22613,3383,306,2563,3964,16655,57868,6701,0,22,1706,7980,10896,6475,3880,2460,2603,6682,11697,9562,23248,393,90862,1980,3420,1144,4668,417934
2019M03,2194,3623,4814,4018,41199,0,11924,47,1370,1672,10084,3660,239,2267,4084,14101,58494,6091,0,5,1735,7970,10032,5478,3404,2527,2530,5067,11173,9167,18910,277,89832,2314,2713,1391,3679,378270
2019M04,1371,2838,2676,4528,36820,0,7934,437,769,1058,11156,1850,380,19,4056,5586,52873,5493,0,20,1435,4453,8494,4491,3227,2470,1787,3416,4631,9076,14781,100,84085,1558,2624,544,1880,307409
2019M05,1084,2828,2013,3206,27378,0,6998,314,861,665,6368,1416,252,0,3542,3699,36340,4793,0,24,1190,2778,6685,2766,2232,2147,1463,2394,3195,6977,10965,71,58494,1755,2214,820,825,219331
2019M06,886,2356,1728,2624,28157,0,5765,369,1172,638,4692,1732,247,0,3052,3819,36825,4203,0,0,1189,2832,7570,3004,1865,1967,1287,2484,3243,5687,9510,111,58685,1592,1964,487,1103,213536
2019M07,1050,3076,2327,3724,31622,0,7890,439,1228,930,6025,1980,279,0,3523,3638,43291,4212,0,0,1075,5047,7802,3498,3082,2184,1878,2516,2811,7866,10545,114,72677,2114,2245,339,1251,255585
2019M08,1021,3223,2296,3614,34525,0,8725,497,797,579,6554,1450,309,0,3383,3020,42430,4756,0,19,2213,6750,7898,3307,1979,2156,1757,2456,2895,8128,10112,0,66642,2229,2377,569,1039,251131
2019M09,1527,3110,2164,3804,36639,0,7085,583,1308,769,6291,1775,318,0,3436,3403,47048,4651,0,35,1222,3981,7959,3948,2264,2580,2055,2920,2621,8900,11694,0,69679,2201,2531,428,1091,261770
2019M10,1379,3259,2552,4663,31492,0,6063,470,2441,898,7113,2589,463,536,3534,5383,44988,5121,0,33,1697,4810,7761,3927,3149,2718,1735,3750,4094,8912,15455,0,76389,2203,2573,1331,1772,283834
2019M11,1543,4293,4935,4799,39442,0,9202,2,3443,1415,10453,2710,326,2008,4092,11937,59204,7095,0,16,1872,5889,9275,4374,3306,2640,1132,7114,9828,9858,21621,2,89806,2660,3372,1315,2583,372108
2019M12,2487,5580,6091,6292,53177,0,14952,1700,5305,2611,23365,4984,417,2293,6369,16604,75407,11678,0,36,2793,8508,15307,6308,4843,3168,1973,12188,11938,11927,33671,209,113438,5036,3442,685,6541,528219
2020M01,2109,2543,4750,4336,39863,0,13942,0,4287,1916,15438,4004,320,1956,3986,11583,60833,7578,0,56,3269,6227,10382,5112,3352,2955,1480,13636,9875,11628,24394,126,95271,2029,3829,699,5677,410778
2020M02,1710,2962,300,4575,37100,0,507,0,4864,1969,10741,3237,283,2677,3439,16553,56207,7378,4,35,1760,7813,9813,5641,3601,2532,1645,10783,11921,897,24907,192,85657,2080,3322,1225,7533,372745
2020M03,1003,1697,25,1808,18066,0,211,549,1875,1238,2598,1861,126,641,2154,7513,29053,3708,0,22,1032,2233,4723,3319,1589,1731,895,688,5400,86,11010,70,41784,1096,930,950,3315,175521
2020M04,0,28,0,84,229,0,25,0,0,0,41,0,10,0,46,155,208,14,0,0,0,1,0,0,1,12,17,7,11,22,4,0,280,43,0,5,16,1721
2020M05,0,89,0,0,398,0,113,0,0,0,92,0,14,0,5,318,432,3,0,0,0,0,0,0,7,47,0,22,0,40,0,3,573,10,0,2,0,2189
2020M06,0,59,0,0,563,0,131,0,0,2,116,0,22,0,0,606,698,36,0,0,0,38,0,0,4,51,0,21,0,99,99,0,715,28,0,4,0,3521
2020M07,0,75,2,219,457,0,95,0,0,0,281,0,9,0,68,459,380,54,0,0,0,48,0,0,0,47,0,32,28,136,226,0,621,14,0,1,0,3481
2020M08,0,57,0,196,631,0,126,0,0,0,396,100,19,0,222,451,656,118,0,3,0,73,0,16,0,106,0,84,166,205,429,0,520,17,16,3,0,4782
2020M09,0,63,0,29,874,0,42,0,0,0,265,1,19,0,690,568,554,43,0,0,1,119,0,0,0,64,0,42,338,123,709,0,478,15,37,6,0,5519
2020M10,0,58,0,0,700,0,49,0,0,0,345,2,13,0,733,620,439,76,0,0,0,54,5,0,0,76,2,33,94,106,906,0,486,9,14,2,0,5073
2020M11,0,27,0,0,701,0,63,0,0,0,292,53,19,0,682,911,375,55,0,0,0,74,0,0,3,44,0,38,0,107,832,0,629,8,7,3,0,5116
2020M12,0,82,0,0,1047,0,52,0,0,0,374,0,19,0,776,689,554,66,0,0,0,46,0,0,0,79,0,42,0,123,935,0,834,10,4,6,0,5904
2021M01,0,661,0,0,698,0,33,0,0,0,246,66,16,0,776,637,298,76,0,0,0,63,0,0,0,287,0,45,0,97,816,0,415,14,7,8,0,5448
2021M02,0,238,0,0,664,0,60,0,0,0,140,0,16,0,444,564,215,112,0,0,0,43,0,0,4,481,0,54,0,75,655,0,538,25,9,831,0,5297
2021M03,0,50,0,0,636,0,69,2,0,0,47,0,38,0,583,471,337,60,0,0,0,25,0,5,0,414,0,47,0,93,729,0,571,33,11,313,0,4639
2021M04,0,94,0,0,6768,0,62,0,0,0,43,0,73,0,626,458,8337,68,0,0,0,52,1938,859,0,657,0,47,0,54,623,0,10855,26,7,9,0,31931
2021M05,675,85,0,0,12492,0,124,0,0,0,56,0,65,0,502,427,13455,51,0,0,0,132,4022,2644,0,434,0,21,0,73,687,0,21228,22,0,17,0,57605
2021M06,677,116,0,0,14531,0,152,158,0,0,116,0,84,0,554,480,6333,84,0,47,0,88,4261,2660,0,591,0,46,0,107,1035,0,18888,20,17,7,0,51590
2021M07,749,46,0,0,7715,0,123,101,0,0,81,128,40,0,584,355,13060,45,0,20,0,52,1955,2207,0,847,0,49,0,48,829,1,141,22,15,308,0,30209
2021M08,0,63,0,0,107,0,76,0,0,0,44,0,56,0,404,207,3,26,0,0,0,73,0,1,0,372,0,16,0,42,510,0,248,24,20,148,0,2676
2021M09,0,38,0,0,99,0,52,0,0,0,25,0,22,0,501,178,15,22,0,0,0,57,0,2,0,71,0,21,302,17,651,0,101,19,10,0,0,2310
2021M10,0,159,0,0,295,0,43,0,0,0,33,3,9,0,485,267,193,73,0,0,1,59,0,42,0,94,0,18,144,36,1154,0,105,29,8,271,0,3687
2021M11,0,619,0,0,256,0,40,0,0,0,97,132,45,0,664,416,236,81,0,0,0,30,0,0,2,93,0,27,0,19,1347,0,202,176,8,458,0,5309
2021M12,0,535,0,0,473,0,61,0,0,0,77,0,56,0,992,500,404,77,0,0,1,41,0,24,0,289,0,32,0,48,1072,4,627,117,14,459,0,6161
2022M01,0,292,0,0,249,0,40,1,0,0,41,0,75,0,740,437,187,89,0,0,0,20,0,30,0,346,0,16,95,27,582,0,220,31,10,383,0,4033
2022M02,0,730,0,0,291,0,19,0,0,0,15,12,36,0,591,306,413,38,0,0,0,23,0,152,0,374,0,15,0,28,609,0,338,106,2,982,17,5235
2022M03,231,923,0,0,3861,0,91,0,0,0,3,37,55,0,1182,1326,5114,356,0,0,0,52,1237,813,0,351,0,42,0,39,3153,0,8179,349,52,395,458,28624
2022M04,692,399,0,0,9659,0,147,0,0,0,1,7,66,0,1530,1556,11757,613,0,2,0,123,2932,2215,1,683,108,98,288,18,3164,2,16615,134,24,765,533,54303
2022M05,1173,397,0,0,11418,0,752,0,0,0,187,4,53,0,2241,2172,13618,1931,0,0,328,382,2441,2057,685,925,525,606,1139,96,5085,0,22794,134,110,413,915,72755
2022M06,1076,700,0,0,13494,0,614,0,0,0,655,21,63,0,1883,2115,20861,1939,0,0,514,439,6127,1960,565,1266,496,609,873,207,4278,0,32528,295,201,126,573,94648
2022M07,2669,519,0,0,16759,0,695,274,0,0,1150,1248,133,0,2687,1947,27248,2774,0,0,591,1340,8140,3787,2353,1586,921,1160,849,335,6070,153,45477,397,350,342,521,134175
2022M08,1793,993,0,0,17064,0,444,351,7,0,812,890,134,0,2548,2432,27095,2819,0,0,997,1261,8558,3931,1034,1219,743,658,726,426,5768,210,43785,698,284,127,416,129753
2022M09,2464,1036,0,0,18523,0,775,509,0,0,1644,1377,120,0,4094,3184,31755,3579,0,31,574,1382,9338,4547,1559,1570,771,1124,1030,667,6641,265,48411,962,402,397,559,151270
2022M10,3478,1228,0,0,16282,0,972,404,0,0,3092,1951,128,0,5918,3847,29537,4789,0,33,1244,1619,6398,4289,2650,1844,1097,2145,4058,924,9843,211,46409,1036,621,1066,1067,161636
2022M11,4020,2839,0,3,25554,0,834,0,6,0,3225,2325,214,1,8101,3989,40050,5343,0,24,1505,1777,7927,4324,2605,2026,1405,3805,7806,1489,16419,4,65778,1569,1403,1312,4120,232684
2022M12,6366,2899,0,0,38407,0,1454,15,0,0,6999,4157,284,0,6827,8006,59882,11433,0,68,2056,4598,13377,6675,5017,2595,2409,8186,11134,2176,23203,0,92856,3284,2909,605,7985,364716
2023M01,5088,2861,0,0,23386,0,1365,0,0,0,4778,3406,119,0,2971,6327,43800,8282,0,28,2322,2776,7780,3756,3486,2906,1354,5314,7625,2222,11615,6,70621,1384,1486,278,5698,268298
2023M02,6113,1558,0,0,27248,0,1285,0,0,0,5181,3131,237,0,3753,8066,40096,7710,0,39,1493,4397,8257,4604,3909,2571,2008,5231,9407,1661,14701,0,67337,1476,1700,798,7874,268704
2023M03,5452,2082,9,0,27780,0,2362,89,64,0,4639,2795,183,0,4599,6594,41173,7807,0,56,1350,4844,8761,4399,2976,2373,2260,4404,8372,3766,16171,0,68197,1771,2020,1093,5272,266131
2023M04,3961,1691,0,0,24036,0,3745,373,381,0,4503,1415,146,0,4133,3247,37485,7050,0,42,1252,2338,7770,3665,2705,2282,1594,3875,4125,5647,14052,0,62930,1381,2408,434,1967,221271
2023M05,1681,1793,669,20,18465,0,2768,327,190,0,3797,1346,251,0,4231,2138,25606,6233,0,9,787,1957,6304,2602,2433,1821,1313,2784,2453,4354,11736,0,41244,1540,1106,753,1010,160335
2023M06,1697,1816,1038,0,23934,0,2898,362,209,0,4046,1359,113,0,3722,2344,31431,5377,0,21,1041,2040,8063,2861,1852,1489,1389,2226,2873,4287,10023,0,47973,1394,1336,383,832,178426
2023M07,2437,1583,2057,0,23444,0,3347,373,265,0,4950,2800,179,0,3765,4181,34285,6234,0,24,835,3921,7145,3278,3365,1761,1658,3919,4707,7565,9007,1,60280,1466,2303,266,1368,213806
2023M08,1758,2119,2015,0,26237,0,3865,414,119,0,5372,1470,282,0,4692,2610,35069,5766,0,10,1433,4841,7767,3406,1659,1942,1421,2748,2868,7387,10593,0,56408,1697,2026,210,1088,206783
2023M09,1250,1668,2122,0,28530,0,4259,453,141,0,4960,1487,163,4,4618,2303,40432,6254,0,39,908,2819,8347,4821,2246,1779,1804,3783,2524,8702,10316,10,62007,1807,2400,334,1040,224909
2023M10,1225,1885,1826,0,23941,0,4014,131,193,0,5747,2007,168,0,4301,3178,35865,7939,0,30,1538,2741,5877,4381,2993,1976,1699,4162,4199,8695,12524,0,59830,1366,2514,779,1805,225979
2023M11,1106,2624,2088,0,32456,0,7010,0,94,0,6604,2626,312,0,5176,10723,44078,9188,0,58,1270,4069,7925,5288,2713,2270,2018,6716,7412,9693,18067,0,73630,2152,2479,1243,4370,303429
2023M12,1478,3048,4347,6,42841,0,9672,0,0,0,11170,3733,284,0,5481,17978,59791,14945,0,35,2303,6124,12469,8043,4193,2461,2732,8967,11558,10283,27831,4,97869,4481,2475,464,7470,418869
2024M01,1166,1538,3158,0,27930,0,6848,0,0,0,8260,2945,375,0,3693,17507,48309,9454,0,33,2510,4717,7918,5532,3149,2482,1881,7108,8835,8215,16580,0,79568,1716,1710,443,5670,326427
2024M02,1317,2596,4304,0,34464,0,10592,0,2,0,12183,3697,247,0,4774,19760,43730,9192,0,37,1325,6383,9558,6534,3172,2401,2172,8281,10869,13572,21536,0,73803,1711,2351,908,7261,362836
2024M03,1268,2573,2920,0,36954,0,4467,0,1,0,7970,3164,311,0,4667,14588,48379,8621,0,38,1636,5803,9895,6905,3123,2389,2146,6459,10334,9030,18647,0,80755,1927,3121,1573,5499,340306
2024M04,979,1885,2511,0,25902,0,3914,477,672,0,5789,729,258,0,4358,4286,37078,6652,0,21,1009,2385,6596,4483,2470,1873,1794,2059,3288,8822,12465,0,62715,1393,2481,340,1704,225024
2024M05,863,1843,1597,0,22943,0,2691,295,367,0,4125,558,193,0,4456,3605,28593,6676,0,0,554,2228,6191,3867,2200,1942,1336,1669,2499,5676,11666,0,46780,1747,2456,489,1106,179665
2024M06,798,1694,1804,0,29566,0,2647,393,348,0,3888,461,310,0,3928,4404,30966,5344,0,0,82,2366,7542,4435,1621,1428,1219,1497,2882,5458,9274,1,47608,1246,1780,304,897,185294
2024M07,976,1460,2112,0,25798,0,7985,336,491,0,6542,483,315,0,3769,4392,35979,5502,0,0,248,3991,6882,4272,3462,1688,1474,2060,2497,8976,8657,0,62722,1505,2501,280,1084,221837
2024M08,840,1701,2249,0,30002,0,3916,358,534,0,6047,353,307,0,4314,1943,37980,5973,0,11,620,4461,8801,4020,1823,1759,1331,2069,2397,6770,9713,0,58621,1661,1677,133,830,214271
2024M09,1105,1742,2549,0,32013,0,3868,540,372,0,5812,514,318,0,4427,2192,42340,6081,0,14,283,3076,8860,4204,1831,2096,1475,1885,2629,7422,10585,0,61145,1935,1495,237,1299,226889
2024M10,1176,2115,2291,0,30084,0,3636,606,494,0,6034,881,272,0,4011,6252,36983,7609,0,49,841,2490,6604,3750,2743,2107,1668,2669,4122,6777,13702,3,65957,1607,2218,760,2008,240195
2024M11,1346,3218,4100,3,38319,0,7187,0,426,0,8169,1862,338,0,5146,11018,47032,8472,0,29,548,5426,7400,4770,3586,2137,2066,7130,8382,7877,20918,0,78626,2553,2761,1241,3279,321216
2024M12,1743,3455,5117,0,52055,0,12181,0,844,0,14504,3791,401,0,6117,21241,71670,14700,0,40,1087,7364,15873,6862,5032,2589,3327,9051,13496,10072,30506,0,100476,4066,2579,449,8250,469842
2025M01,1507,1931,4184,0,37182,0,11273,0,528,0,12148,3304,245,0,3034,16652,57784,7689,0,37,844,5367,11308,4984,3335,2705,2024,7595,12138,10167,19569,0,84127,1624,2930,344,6734,370238
2025M02,1265,2542,3100,0,35315,0,4223,0,702,0,12330,3882,208,0,3294,20554,46670,8453,0,33,619,6811,8440,5686,3221,2239,2359,7875,11923,8114,21538,0,73752,1588,2159,590,7572,354408
2025M03,1497,2681,2741,0,31427,0,3761,0,378,0,9667,2919,337,0,4480,12853,45465,8192,0,22,663,6314,7683,4996,3242,2322,2211,5880,9996,7494,17703,0,74622,1849,2632,830,5662,311808
2025M04,1399,1699,2259,0,32643,0,3871,1516,509,0,7306,1576,232,0,4007,6994,47631,6963,0,34,753,2469,10462,4937,2910,2223,1685,2034,4021,7250,13994,0,73226,1443,2942,228,1928,267271
2025M05,779,2145,1480,0,23290,0,2903,940,428,0,5539,556,359,0,4608,4458,29516,7072,0,0,553,2630,6729,3625,2899,1910,1071,2059,3252,5718,10913,0,48776,1655,1881,392,1074,190593
2025M06,747,1751,1155,0,28082,0,2233,954,500,0,5088,656,255,0,3938,2697,30178,6028,0,0,684,2489,8174,3093,1924,1853,1158,1620,3396,4001,9701,0,49203,1445,1555,294,908,186753
2025M07,772,1640,1807,0,32341,0,4152,1179,558,0,7263,543,395,0,4076,2512,40461,5778,0,2,662,4341,10756,4401,3343,1769,1341,2940,3168,6729,10277,0,65803,1613,2354,230,1154,236550
2025M08,728,1938,1504,0,34287,0,4232,1272,498,0,7241,392,341,0,4467,2063,38207,6644,0,0,856,5257,10148,4436,2047,2274,1146,2484,2706,6696,10494,0,60971,1649,2483,152,1177,230292
2025M09,1112,1922,1692,0,36939,0,4230,1544,431,0,5887,527,293,0,5234,2235,44860,6225,0,0,534,2745,11679,5041,2102,2109,1749,2946,2901,6284,11194,0,67852,1989,1878,224,1291,248571
2025M10,1573,2361,1845,0,32394,0,3450,1633,634,0,6991,962,283,0,4753,6528,43068,8690,0,0,890,2806,9229,4831,2955,2557,1755,3287,4549,6858,14496,0,69002,2050,2604,754,2360,262731
2025M11,3348,3258,2997,0,40885,0,8076,1376,603,0,10724,2388,281,0,6588,12194,49921,9867,0,1,1100,3790,9868,6047,3953,2696,1625,5921,8797,8503,20616,0,82459,2650,2981,649,3590,347577
2025M12,4185,3983,3931,0,56107,0,15310,1649,1126,350,17327,3906,425,0,7649,21110,74639,15884,0,0,1509,6668,18639,9671,5319,2779,3726,6253,13313,12078,30324,0,109052,3255,3292,280,9350,502640
Table information:,,,,,,,,,,,,,,,,,,,,,,,,,,,,,,,,,,,,,,
Units:,,,,,,,,,,,,,,,,,,,,,,,,,,,,,,,,,,,,,,
"Number, Magnitude = Units",,,,,,,,,,,,,,,,,,,,,,,,,,,,,,,,,,,,,,
,,,,,,,,,,,,,,,,,,,,,,,,,,,,,,,,,,,,,,
Footnotes:,,,,,,,,,,,,,,,,,,,,,,,,,,,,,,,,,,,,,,
Data is derived from a sample of records and hence may contain sample error. Caution should be used when using data with low cell values.,,,,,,,,,,,,,,,,,,,,,,,,,,,,,,,,,,,,,,
Visitor arrivals are overseas residents arriving in New Zealand for a stay of less than 12 months.,,,,,,,,,,,,,,,,,,,,,,,,,,,,,,,,,,,,,,
"In arrival series, the closest overseas port is the last port that the passenger's flight visited before it arrived in New Zealand. This may not be the person's port of origin.",,,,,,,,,,,,,,,,,,,,,,,,,,,,,,,,,,,,,,
"For detailed metadata about countries used in International Travel and Migration statistics, see DataInfo+. http://ow.ly/Mm9ba",,,,,,,,,,,,,,,,,,,,,,,,,,,,,,,,,,,,,,
"Imputation of 'country of residence' for visitor arrivals who have not stated a response on their arrival card, occurred from August 2016 to October 2018.",,,,,,,,,,,,,,,,,,,,,,,,,,,,,,,,,,,,,,
Observed changes in travel from a country may be partly due to these methodology changes.,,,,,,,,,,,,,,,,,,,,,,,,,,,,,,,,,,,,,,
"From November 2018, 'country of residence' was fully captured and no longer sampled, resulting in an increase in the 'not stated' category.",,,,,,,,,,,,,,,,,,,,,,,,,,,,,,,,,,,,,,
"From December 2019 country of residence remains fully captured, but is imputed for visitor arrivals who have not stated a response on their arrival card",,,,,,,,,,,,,,,,,,,,,,,,,,,,,,,,,,,,,,
 ,,,,,,,,,,,,,,,,,,,,,,,,,,,,,,,,,,,,,,
Symbols:,,,,,,,,,,,,,,,,,,,,,,,,,,,,,,,,,,,,,,
.. figure not available,,,,,,,,,,,,,,,,,,,,,,,,,,,,,,,,,,,,,,
C: Confidential,,,,,,,,,,,,,,,,,,,,,,,,,,,,,,,,,,,,,,
E: Early Estimate,,,,,,,,,,,,,,,,,,,,,,,,,,,,,,,,,,,,,,
P: Provisional,,,,,,,,,,,,,,,,,,,,,,,,,,,,,,,,,,,,,,
R: Revised,,,,,,,,,,,,,,,,,,,,,,,,,,,,,,,,,,,,,,
S: Suppressed,,,,,,,,,,,,,,,,,,,,,,,,,,,,,,,,,,,,,,
,,,,,,,,,,,,,,,,,,,,,,,,,,,,,,,,,,,,,,
Status flags are not displayed,,,,,,,,,,,,,,,,,,,,,,,,,,,,,,,,,,,,,,
,,,,,,,,,,,,,,,,,,,,,,,,,,,,,,,,,,,,,,
Table reference: ,,,,,,,,,,,,,,,,,,,,,,,,,,,,,,,,,,,,,,
ITM333AA,,,,,,,,,,,,,,,,,,,,,,,,,,,,,,,,,,,,,,
,,,,,,,,,,,,,,,,,,,,,,,,,,,,,,,,,,,,,,
Last updated:,,,,,,,,,,,,,,,,,,,,,,,,,,,,,,,,,,,,,,
13 February 2026 10:45am,,,,,,,,,,,,,,,,,,,,,,,,,,,,,,,,,,,,,,
,,,,,,,,,,,,,,,,,,,,,,,,,,,,,,,,,,,,,,
Source: Statistics New Zealand,,,,,,,,,,,,,,,,,,,,,,,,,,,,,,,,,,,,,,
Contact: Information Centre,,,,,,,,,,,,,,,,,,,,,,,,,,,,,,,,,,,,,,
Telephone: 0508 525 525,,,,,,,,,,,,,,,,,,,,,,,,,,,,,,,,,,,,,,
Email:info@stats.govt.nz,,,,,,,,,,,,,,,,,,,,,,,,,,,,,,,,,,,,,,
