"Date","Price"
1995-10-01,21.00000001
1995-11-01,21.84000001
1995-12-01,23.10000001
1996-01-01,23.10000001
1996-02-01,23.52000001
1996-03-01,24.78000001
1996-04-01,26.04000001
1996-05-01,23.52000001
1996-06-01,21.84000001
1996-07-01,23.52000001
1996-08-01,26.04000001
1996-09-01,28.56000001
1996-10-01,29.40000001
1996-11-01,29.40000001
1996-12-01,28.98000001
1997-01-01,28.56000001
1997-02-01,26.04000001
1997-03-01,23.52000001
1997-04-01,22.68000001
1997-05-01,23.10000001
1997-06-01,21.84000001
1997-07-01,22.68000001
1997-08-01,23.52000001
1997-09-01,22.68000001
1997-10-01,23.94000001
1997-11-01,23.10000001
1997-12-01,21.00000001
1998-01-01,20.16000001
1998-02-01,18.90000001
1998-03-01,17.22000001
1998-04-01,18.06000001
1998-05-01,17.64000001
1998-06-01,16.38000001
1998-07-01,16.38000001
1998-08-01,15.54000001
1998-09-01,17.64000001
1998-10-01,17.64000001
1998-11-01,15.54000001
1998-12-01,12.60000001
1999-01-01,13.86000001
1999-02-01,13.02000001
1999-03-01,15.96000001
1999-04-01,18.06000001
1999-05-01,17.64000001
1999-06-01,18.48000001
1999-07-01,21.42000001
1999-08-01,23.52000001
1999-09-01,25.62000001
1999-10-01,25.20000001
1999-11-01,27.72000001
1999-12-01,29.40000001
2000-01-01,32.76000001
2000-02-01,32.76000001
2000-03-01,32.34000001
2000-04-01,30.24000001
2000-05-01,31.92000001
2000-06-01,33.18000001
2000-07-01,33.60000001
2000-08-01,37.80000002
2000-09-01,42.84000002
2000-10-01,41.16000002
2000-11-01,43.26000002
2000-12-01,36.12000001
2001-01-01,36.54000001
2001-02-01,34.44000001
2001-03-01,31.50000001
2001-04-01,32.34000001
2001-05-01,34.44000001
2001-06-01,32.34000001
2001-07-01,29.82000001
2001-08-01,31.92000001
2001-09-01,31.08000001
2001-10-01,26.04000001
2001-11-01,22.68000001
2001-12-01,21.84000001
2002-01-01,22.26000001
2002-02-01,23.10000001
2002-03-01,26.46000001
2002-04-01,28.14000001
2002-05-01,28.14000001
2002-06-01,27.30000001
2002-07-01,28.98000001
2002-08-01,30.24000001
2002-09-01,33.60000001
2002-10-01,33.18000001
2002-11-01,29.82000001
2002-12-01,34.02000001
2003-01-01,37.38000001
2003-02-01,44.52000002
2003-03-01,37.38000001
2003-04-01,31.08000001
2003-05-01,29.82000001
2003-06-01,31.50000001
2003-07-01,32.76000001
2003-08-01,34.44000001
2003-09-01,31.08000001
2003-10-01,34.44000001
2003-11-01,34.86000001
2003-12-01,36.96000001
2004-01-01,42.00000002
2004-02-01,39.06000002
2004-03-01,39.90000002
2004-04-01,40.74000002
2004-05-01,45.78000002
2004-06-01,43.26000002
2004-07-01,48.30000002
2004-08-01,51.66000002
2004-09-01,57.12000002
2004-10-01,63.84000003
2004-11-01,56.70000002
2004-12-01,51.24000002
2005-01-01,55.86000002
2005-02-01,55.86000002
2005-03-01,65.52000003
2005-04-01,65.94000003
2005-05-01,61.74000002
2005-06-01,69.30000003
2005-07-01,70.14000003
2005-08-01,78.54000003
2005-09-01,93.66000004
2005-10-01,100.8
2005-11-01,71.40000003
2005-12-01,72.66000003
2006-01-01,76.44000003
2006-02-01,73.50000003
2006-03-01,78.96000003
2006-04-01,86.94000003
2006-05-01,86.94000003
2006-06-01,87.36000003
2006-07-01,90.30000004
2006-08-01,89.46000004
2006-09-01,76.02000003
2006-10-01,73.08000003
2006-11-01,72.66000003
2006-12-01,76.02000003
2007-01-01,69.30000003
2007-02-01,73.08000003
2007-03-01,77.70000003
2007-04-01,85.68000003
2007-05-01,85.68000003
2007-06-01,88.20000004
2007-07-01,89.88000004
2007-08-01,87.78000004
2007-09-01,95.34000004
2007-10-01,99.54000004
2007-11-01,112.14
2007-12-01,109.2
2008-01-01,109.62
2008-02-01,114.66
2008-03-01,131.0400001
2008-04-01,141.5400001
2008-05-01,157.0800001
2008-06-01,162.9600001
2008-07-01,163.3800001
2008-08-01,137.3400001
2008-09-01,141.9600001
2008-10-01,97.44000004
2008-11-01,78.96000003
2008-12-01,57.96000002
2009-01-01,61.74000002
2009-02-01,52.92000002
2009-03-01,53.34000002
2009-04-01,57.54000002
2009-05-01,62.58000003
2009-06-01,76.02000003
2009-07-01,71.82000003
2009-08-01,79.38000003
2009-09-01,73.50000003
2009-10-01,81.48000003
2009-11-01,83.58000003
2009-12-01,83.16000003
2010-01-01,86.10000003
2010-02-01,83.58000003
2010-03-01,88.62000004
2010-04-01,94.08000004
2010-05-01,86.52000003
2010-06-01,86.52000003
2010-07-01,84.84000003
2010-08-01,87.36000003
2010-09-01,88.62000004
2010-10-01,94.50000004
2010-11-01,97.44000004
2010-12-01,102.9
2011-01-01,110.04
2011-02-01,119.28
2011-03-01,131.4600001
2011-04-01,137.3400001
2011-05-01,129.7800001
2011-06-01,128.1000001
2011-07-01,131.4600001
2011-08-01,126.4200001
2011-09-01,123.9
2011-10-01,124.74
2011-11-01,128.1000001
2011-12-01,120.54
2012-01-01,129.7800001
2012-02-01,134.8200001
2012-03-01,136.9200001
2012-04-01,135.6600001
2012-05-01,124.74
2012-06-01,112.56
2012-07-01,121.38
2012-08-01,132.7200001
2012-09-01,133.9800001
2012-10-01,130.6200001
2012-11-01,124.32
2012-12-01,123.48
2013-01-01,129.7800001
2013-02-01,135.2400001
2013-03-01,124.74
2013-04-01,118.02
2013-05-01,114.66
2013-06-01,116.34
2013-07-01,121.38
2013-08-01,126.0000001
2013-09-01,123.06
2013-10-01,121.38
2013-11-01,118.86
2013-12-01,124.32
2014-01-01,122.64
2014-02-01,124.74
2014-03-01,121.38
2014-04-01,121.38
2014-05-01,120.54
2014-06-01,120.96
2014-07-01,118.44
2014-08-01,119.28
2014-09-01,114.66
2014-10-01,103.32
2014-11-01,96.60000004
2014-12-01,75.60000003
2015-01-01,63.00000003
2015-02-01,74.34000003
2015-03-01,68.46000003
2015-04-01,71.40000003
2015-05-01,77.70000003
2015-06-01,72.66000003
2015-07-01,65.10000003
2015-08-01,58.38000002
2015-09-01,58.80000002
2015-10-01,58.38000002
2015-11-01,55.86000002
2015-12-01,45.36000002
2016-01-01,39.06000002
2016-02-01,40.74000002
2016-03-01,44.94000002
2016-04-01,48.30000002
2016-05-01,54.60000002
2016-06-01,57.96000002
2016-07-01,53.34000002
2016-08-01,54.60000002
2016-09-01,55.44000002
2016-10-01,61.32000002
2016-11-01,57.12000002
2016-12-01,62.58000003
2017-01-01,63.42000003
2017-02-01,65.10000003
2017-03-01,60.90000002
2017-04-01,63.42000003
2017-05-01,59.22000002
2017-06-01,54.60000002
2017-07-01,59.64000002
2017-08-01,65.52000003
2017-09-01,75.60000003
2017-10-01,69.72000003
2017-11-01,73.92000003
2017-12-01,76.44000003
2018-01-01,81.90000003
2018-02-01,77.70000003
2018-03-01,78.12000003
2018-04-01,84.84000003
2018-05-01,90.72000004
2018-06-01,87.78000004
2018-07-01,88.20000004
2018-08-01,89.04000004
2018-09-01,91.98000004
2018-10-01,94.50000004
2018-11-01,81.90000003
2018-12-01,71.40000003
2019-01-01,74.76000003
2019-02-01,80.22000003
2019-03-01,79.80000003
2019-04-01,83.16000003
2019-05-01,82.74000003
2019-06-01,76.44000003
2019-07-01,80.22000003
2019-08-01,75.60000003
2019-09-01,78.96000003
2019-10-01,78.12000003
2019-11-01,76.44000003
2019-12-01,79.38000003
2020-01-01,74.76000003
2020-02-01,63.42000003
2020-03-01,39.90000002
2020-04-01,25.62000001
2020-05-01,28.98000001
2020-06-01,41.16000002
2020-07-01,45.36000002
2020-08-01,46.62000002
2020-09-01,42.42000002
2020-10-01,44.10000002
2020-11-01,47.46000002
2020-12-01,55.44000002
2021-01-01,59.64000002
2021-02-01,67.20000003
2021-03-01,69.72000003
2021-04-01,70.14000003
2021-05-01,73.50000003
2021-06-01,78.12000003
2021-07-01,79.38000003
2021-08-01,76.44000003
2021-09-01,84.00000003
2021-10-01,96.60000004
2021-11-01,91.98000004
2021-12-01,88.20000004
2022-01-01,102.9
2022-02-01,112.56
2022-03-01,147.0000001
2022-04-01,164.2200001
2022-05-01,163.8000001
2022-06-01,173.0400001
2022-07-01,146.1600001
2022-08-01,140.2800001
2022-09-01,136.9200001
2022-10-01,156.2400001
2022-11-01,132.7200001
2022-12-01,121.8
2023-01-01,148.6800001
2023-02-01,117.18
2023-03-01,112.56
2023-04-01,99.54000004
2023-05-01,91.14000004
2023-06-01,94.50000004
2023-07-01,104.58
2023-08-01,125.5800001
2023-09-01,131.0400001
2023-10-01,120.96
2023-11-01,114.66
2023-12-01,100.38
2024-01-01,108.78
2024-02-01,112.56
2024-03-01,108.78
2024-04-01,109.62
2024-05-01,99.96000004
2024-06-01,100.38
2024-07-01,101.64
2024-08-01,91.56000004
2024-09-01,83.16000003
2024-10-01,86.94000003
2024-11-01,86.94000003
2024-12-01,88.20000004
2025-01-01,98.70000004
2025-02-01,94.92000004
2025-03-01,86.94000003
2025-04-01,83.160000033264
2025-05-01,81.060000032424
2025-06-01,87.780000035112
