NZ-resident traveller arrivals by closest overseas port (Monthly),,,,,,,,,,,,,,,,,,,,,,,,,,,,,,,,,,,,,,
Date,Adelaide,Apia,Beijing,Bangkok,Brisbane,Bandar Seri Begawan,Guangzhou,Cairns,Denpasar,Buenos Aires,Hong Kong,Honolulu,Niue,Osaka,Kuala Lumpur,Los Angeles,Melbourne,Nadi,Nagoya,Norfolk Island,Noumea,Tokyo,Coolangatta,Perth,Papeete,Rarotonga,Santiago,Seoul,San Francisco,Shanghai,Singapore,Suva,Sydney,Tonga,Taipei,Port Vila,Vancouver,TOTAL ALL CLOSEST OVERSEAS PORTS
2000M01,0,4401,0,0,17631,0,0,378,0,351,4266,1053,162,621,1377,7371,14175,5481,0,675,432,567,351,1296,513,1971,0,1944,0,0,6993,891,29025,2808,2268,432,0,107487
2000M02,0,1400,0,0,10075,0,0,150,0,350,3125,425,0,475,1475,4650,11625,3350,0,350,175,700,375,550,250,975,0,1400,0,0,5050,400,23850,1200,1575,250,0,74450
2000M03,0,900,0,100,13350,0,0,200,0,175,2325,450,0,275,675,4875,14575,3600,0,375,175,575,425,550,175,1050,0,700,0,0,4475,250,25250,725,750,300,0,77325
2000M04,0,1550,0,0,24225,0,0,250,275,475,2850,700,0,400,1375,7900,16200,6800,0,475,975,1050,875,1225,450,2200,0,1125,0,0,6100,550,34925,900,1075,675,0,115625
2000M05,0,1113,0,0,18165,0,0,294,231,294,2352,378,0,378,1512,8652,13629,6930,0,483,630,777,546,945,420,1533,0,777,0,0,5817,168,30387,1260,903,756,0,99393
2000M06,0,1364,0,0,21538,0,0,462,462,242,2508,528,0,396,1518,10494,10186,3080,0,594,594,660,1034,968,484,2244,0,748,0,0,6094,0,30162,1210,858,704,0,99154
2000M07,0,1750,0,0,30025,0,0,600,925,450,4025,1375,0,900,3350,13875,14450,4725,0,550,1600,1125,1100,1350,800,2375,0,1675,0,0,9725,0,45075,1325,950,875,0,145050
2000M08,0,1536,0,0,25056,0,0,480,624,384,2352,936,0,504,2448,11040,13656,2208,24,648,1368,1080,1248,960,720,2592,0,600,0,0,6264,0,32928,1104,552,792,0,112176
2000M09,0,1525,0,0,24200,0,0,700,1075,125,2425,1125,0,600,2900,12750,13325,5750,25,625,975,800,1050,875,700,2150,0,750,0,0,8225,0,27425,1525,475,825,0,113075
2000M10,0,1820,0,0,30316,0,0,338,832,572,3458,1092,0,780,3796,14456,17940,9646,52,780,1378,1118,1378,1248,650,2626,0,858,0,0,8476,182,37596,1586,858,728,0,144664
2000M11,0,1066,0,0,20956,0,0,130,390,182,2314,702,78,338,1300,8606,18720,6448,104,572,780,650,650,1326,286,1794,0,624,0,0,4940,0,31954,624,390,546,0,106704
2000M12,0,1080,0,0,12798,0,0,189,270,162,1728,351,108,459,756,5184,12069,4617,81,351,486,405,675,783,243,1242,0,405,0,0,3132,0,25029,702,513,513,0,74385
2001M01,0,3300,0,0,22050,0,0,210,270,330,5400,840,120,750,2670,10200,18660,6420,360,540,360,1170,480,1470,690,2280,0,1470,0,0,7500,0,39000,2250,1620,480,0,131040
2001M02,0,1215,0,0,11610,0,0,108,189,189,3510,297,81,540,1944,5211,12339,3807,135,351,108,675,351,621,378,1269,0,918,0,0,5265,0,26379,972,1458,243,0,80649
2001M03,0,972,0,0,14364,0,0,135,270,324,1701,405,54,351,1026,5643,17037,3510,81,486,513,567,675,864,162,1620,0,621,0,0,3753,0,25299,729,459,432,0,82161
2001M04,0,1161,0,0,22599,0,0,540,351,351,3834,432,0,702,1593,7371,18765,5562,135,837,837,891,1161,999,405,1917,0,729,0,0,5319,27,33534,999,1107,540,0,112806
2001M05,0,1449,0,0,19849,0,0,529,345,345,2300,483,0,644,1403,8096,14375,5198,23,621,644,805,1012,1035,414,1518,0,621,0,0,5221,69,29762,943,690,437,0,99015
2001M06,0,1311,0,0,21390,0,0,506,713,138,2852,943,0,529,1564,9223,12098,8119,69,506,598,713,1219,736,437,2507,0,575,0,0,6302,69,30567,1219,575,713,0,106651
2001M07,0,2079,0,0,30240,0,0,972,918,297,3456,1269,0,810,2781,13716,15822,9585,108,702,1161,1161,1458,1053,1026,2430,0,810,0,0,9180,189,38691,1998,1377,810,0,144207
2001M08,0,1500,0,0,26000,0,0,700,775,175,2250,1075,0,575,1900,9650,12275,8975,175,450,1000,950,1350,825,600,2225,0,800,0,0,7150,100,30100,1300,600,700,0,114300
2001M09,0,1550,0,0,30150,0,0,1000,1150,375,2625,1125,0,825,2200,10425,13400,9225,75,625,925,1000,1475,1225,850,3050,0,500,0,0,7850,50,37200,1025,425,750,0,131200
2001M10,0,1998,0,0,30078,0,0,459,648,216,3645,972,108,945,2862,11070,17793,8613,243,702,837,1296,1593,1566,810,2808,0,1026,0,0,7965,270,37395,1161,918,648,0,138996
2001M11,0,975,0,0,17500,0,0,400,225,200,2850,675,0,700,1100,5750,16800,4975,100,575,450,475,1375,1125,400,1600,0,650,0,0,4475,100,26575,900,425,375,0,92125
2001M12,0,972,0,0,11286,0,0,297,216,351,2376,351,0,594,648,4509,12285,3321,162,378,459,567,1377,999,351,945,0,999,0,0,3024,108,20196,864,837,459,0,69336
2002M01,0,4030,0,0,20057,0,0,434,558,310,6169,961,62,1395,3286,7502,19096,6107,217,372,248,1209,2356,2015,744,2170,0,2976,0,0,7936,465,32922,2232,1984,713,0,129549
2002M02,0,1458,0,0,10179,0,0,189,216,270,4509,486,0,891,1485,4455,11367,3294,162,297,189,675,1323,864,378,999,0,1782,0,0,4995,243,20736,945,999,270,0,74142
2002M03,0,1204,0,0,12516,0,0,224,392,224,3528,560,0,448,1148,4340,16576,3808,56,588,224,560,2044,1092,504,1260,0,644,0,0,4172,224,22148,868,588,420,0,80696
2002M04,0,1026,0,0,19089,0,0,810,0,378,4455,783,81,783,1674,6048,16983,5373,216,729,756,1080,2484,1755,648,2160,0,1053,0,0,5427,270,29187,945,1053,540,0,106137
2002M05,0,1008,0,0,16680,0,0,960,0,144,3216,456,0,456,1680,7848,12480,5136,96,648,360,552,2496,1056,312,1848,0,648,0,0,5616,288,25200,840,624,600,0,92856
2002M06,0,1426,0,0,19389,0,0,1311,0,276,2691,943,0,414,2369,8763,11615,8303,115,690,644,782,2645,1196,437,3358,0,805,0,0,7636,184,26082,1058,506,874,0,107479
2002M07,0,1323,0,0,30915,0,0,1620,0,297,3672,1107,0,891,0,13905,13203,9747,189,567,432,1512,4131,1512,891,3564,162,1863,0,0,10746,162,33183,1728,972,702,0,139320
2002M08,0,1222,0,0,30030,0,0,1456,0,182,2652,910,0,676,0,11102,11596,8970,78,416,494,754,3744,1404,468,3666,286,780,0,0,8710,338,31720,1196,572,650,0,124410
2002M09,0,1250,0,0,31400,0,0,1700,0,50,2900,1250,0,650,0,10750,12950,9025,100,675,800,1200,3800,1425,525,3525,150,875,0,0,8825,300,30825,1625,675,550,0,128025
2002M10,0,1176,0,0,29512,0,0,1736,0,84,3668,1344,84,980,56,12964,18900,8848,196,672,560,1176,4032,1596,728,2548,336,1036,0,0,9688,560,40348,1400,756,672,0,146244
2002M11,0,812,0,0,19404,0,0,952,0,140,3388,728,196,728,392,7980,14588,4872,84,448,448,644,4452,1708,448,2296,168,952,0,0,5040,532,28644,784,364,672,0,102060
2002M12,0,960,0,0,11880,0,0,480,0,120,2790,660,210,360,270,4770,10680,3120,120,390,300,390,2880,960,150,1110,150,930,0,0,3270,240,22410,1350,510,540,0,72150
2003M01,0,3003,0,0,21978,0,0,462,0,165,7425,1353,363,1287,825,9009,16533,5511,198,330,165,924,3531,2178,759,1914,231,4257,0,0,9768,429,35046,3531,2178,891,0,134706
2003M02,0,952,0,0,10500,0,0,224,0,112,6272,700,224,840,756,5068,10976,3024,140,280,140,700,2156,616,308,1428,196,2688,0,0,6356,448,23268,1064,1932,252,0,82068
2003M03,0,899,0,0,14442,0,0,319,0,145,2871,580,116,348,580,4698,14210,3277,174,493,348,493,2726,1131,261,1450,58,1044,0,0,4756,348,25056,1073,609,319,0,84303
2003M04,0,1066,0,0,20930,0,0,728,0,130,2184,754,156,754,572,6578,14274,5824,78,728,442,988,3770,1482,338,2262,156,1430,0,0,4238,468,29042,1274,806,702,0,103506
2003M05,0,1265,0,0,19987,0,0,1219,0,253,966,667,184,621,414,7521,13156,4922,69,552,460,782,3519,1311,345,2231,230,966,0,0,4163,437,24656,1472,483,552,0,93541
2003M06,0,1197,0,0,21063,0,0,1512,0,105,2184,1512,189,462,189,9135,11949,8211,0,630,378,924,4242,1281,483,2877,252,987,0,0,4872,399,27426,1470,420,609,0,105105
2003M07,0,1736,0,0,29400,0,0,1652,0,224,5376,1792,280,532,1232,11956,13888,9716,168,616,728,924,4536,1232,784,2884,392,2324,0,0,9436,700,38444,2940,644,756,0,145516
2003M08,0,1242,0,0,26379,0,0,1890,0,162,4860,1323,189,540,1134,10503,12663,8775,81,486,486,837,4644,891,810,3591,135,972,0,0,8694,513,31455,1485,567,864,0,126441
2003M09,0,1612,0,0,30212,0,0,2158,0,286,5226,1560,104,546,1144,12142,14976,9594,78,494,728,1066,5122,1716,832,3770,182,1300,0,0,8138,676,35100,1586,390,910,0,141960
2003M10,0,1450,0,0,28623,0,0,1827,0,116,6728,1392,116,928,1769,13804,18647,9338,203,522,841,1015,4669,1711,754,3451,174,2088,0,0,9222,232,42311,1827,580,812,0,155411
2003M11,0,1218,0,0,23026,0,0,957,0,145,4234,841,203,406,783,6815,18705,5945,145,725,551,551,2726,1305,580,2494,145,986,0,0,6148,261,37903,1044,638,464,0,120292
2003M12,0,832,0,0,16256,0,0,544,0,224,2720,640,160,768,576,4960,13280,4512,64,736,448,448,1952,704,448,1408,192,1088,0,64,3712,384,27904,1152,448,352,0,87520
2004M01,0,3780,0,0,30205,0,0,840,0,210,8400,980,700,1015,1715,9100,19040,5285,420,525,350,1050,2905,1505,1295,2520,175,5495,0,805,10185,735,41580,3395,1960,770,0,157150
2004M02,0,1426,0,0,18693,0,0,403,0,279,8401,434,372,682,1271,5301,14539,3224,124,465,62,651,1984,868,713,1612,93,3348,0,0,7998,403,31465,1147,2077,186,0,108593
2004M03,0,1054,0,0,21576,0,0,589,0,279,3534,713,124,620,620,5177,19685,4619,0,620,403,434,2852,1178,434,1674,155,868,0,0,4805,527,30256,1085,806,341,0,105059
2004M04,0,1674,0,0,28086,0,0,992,0,279,5363,961,279,713,1457,7068,18321,8246,124,868,806,868,3472,1736,682,2480,124,1643,0,0,7471,558,38812,1271,961,527,0,135935
2004M05,0,1708,0,0,25088,0,0,1036,0,280,4312,952,168,448,1372,8820,17192,8820,56,672,616,868,3360,1456,616,2492,224,1540,0,0,7756,420,34888,1596,532,448,0,128072
2004M06,0,1638,0,0,28132,0,0,1872,0,156,3952,1092,234,260,1274,10452,14742,11414,156,702,572,858,3770,1118,728,3640,234,1274,0,0,8918,468,35412,2054,546,650,0,136396
2004M07,0,2010,0,0,42480,0,0,1800,0,300,7530,1530,420,810,3570,12390,19920,14100,270,660,660,1500,4200,1260,1350,4470,210,3210,2070,0,14370,600,46920,2700,840,990,0,195570
2004M08,0,1664,0,0,38048,0,0,1952,0,256,3968,1824,288,640,2016,9760,17504,12928,160,768,608,1024,4608,1056,800,4384,224,1248,2720,0,10336,512,43712,1984,576,992,0,169152
2004M09,0,1470,0,0,43140,0,0,1710,0,240,4890,1890,300,510,2220,11010,18630,13590,150,1080,810,1470,5040,1380,1500,4560,300,1500,2280,0,11100,600,40770,2220,600,900,0,176010
2004M10,0,2108,0,0,40641,0,0,1891,0,217,6138,1550,372,868,2635,11284,22165,12431,186,1240,589,1271,4340,1736,1054,4557,310,2449,2573,0,11935,496,47399,2139,775,1085,0,186651
2004M11,0,961,0,0,28458,0,0,899,0,217,3627,744,279,651,1395,6355,23591,7626,155,961,372,775,2976,1953,527,3193,155,1457,1147,0,6076,403,35247,1705,465,682,0,133300
2004M12,245,1050,0,0,18865,0,0,420,0,280,3255,665,140,525,1225,4620,16835,5810,0,840,350,595,2240,1400,455,1855,175,1400,805,0,4480,350,28245,1680,595,350,0,100100
2005M01,741,3666,0,0,35997,0,0,780,0,429,9750,858,390,1287,3666,8151,24921,9711,234,819,351,1482,3276,2613,975,3471,273,6084,1326,0,12597,741,45084,3783,1716,624,0,185913
2005M02,448,1600,0,0,18240,0,0,416,0,256,7072,480,256,1056,2272,4704,17568,4256,160,544,128,992,2688,1248,544,1664,160,4320,896,0,8384,480,31296,1856,1152,192,0,115584
2005M03,665,1015,0,0,25235,0,0,455,0,280,4935,595,280,420,1505,5250,22575,6230,140,875,280,910,3780,1855,175,2100,175,1120,770,0,6055,420,33285,1155,630,385,0,123725
2005M04,816,1598,0,0,33524,0,0,1190,0,204,5372,816,136,578,1394,6358,21828,7616,204,748,544,680,4828,2006,476,3264,204,986,918,0,8228,476,36516,1700,816,476,0,144738
2005M05,580,1305,0,0,30856,0,0,1189,0,261,6351,1160,203,638,2088,8961,18763,8990,232,957,319,812,5336,2175,725,4234,261,1160,1566,0,9889,464,33060,1711,754,464,0,145522
2005M06,319,1682,0,0,32335,0,0,1508,0,174,5568,1160,145,377,2262,8613,15921,12006,116,783,377,841,6003,1682,725,4234,319,957,1566,0,10295,493,31871,2030,435,725,0,145638
2005M07,510,2414,0,1088,45526,0,0,1734,0,238,9316,1530,306,510,4318,12138,19006,16354,204,680,748,1734,7684,1360,1122,6290,476,2142,2754,0,16660,646,44302,3196,918,884,0,209542
2005M08,558,1767,0,1581,41757,0,0,2232,0,217,6572,1736,279,403,2945,9951,17143,14508,155,620,713,961,8339,1581,961,6200,341,1023,2046,0,12090,465,38440,2015,589,775,0,180358
2005M09,544,2176,0,1504,35904,0,0,2368,0,320,5952,2016,192,416,2880,11040,16832,13280,96,608,608,1152,7232,1472,928,5312,352,992,2304,0,12160,608,33824,2016,512,768,0,166528
2005M10,891,2409,0,2409,48840,0,0,1617,0,396,7293,1848,264,1056,4389,13398,24222,14619,198,891,1221,1815,8943,2112,990,6501,363,1485,2607,0,14289,363,49203,1947,759,957,0,218625
2005M11,594,1848,0,1650,27126,0,0,594,0,231,4488,792,99,594,2343,6930,22539,7128,33,693,495,924,4620,1815,561,3267,297,726,1386,0,7392,396,31020,957,495,594,0,133056
2005M12,350,2065,0,2065,18445,0,0,385,0,210,3605,455,140,245,1365,4690,15365,5250,175,525,350,770,4025,1435,560,2450,280,980,1120,0,5740,350,25060,1470,665,350,0,103565
2006M01,720,5472,0,4068,33696,0,0,828,0,432,9648,1008,396,900,4320,9432,25524,8928,324,792,432,1512,6444,3384,972,4644,252,3312,2700,0,13248,684,38376,3780,1548,540,0,190512
2006M02,384,2816,0,3328,19168,0,0,384,0,384,10496,512,192,736,3680,4544,18112,5120,128,544,160,1216,4544,1280,640,1952,384,3104,1312,0,10304,320,28960,1632,1888,288,0,128704
2006M03,693,1749,0,2442,19833,0,0,363,0,396,4257,396,99,495,1683,4422,18480,5742,0,759,198,726,5016,1683,429,2277,231,891,1188,0,6204,264,27324,1254,561,297,0,110583
2006M04,1376,2624,0,3008,32256,0,0,1088,0,384,5472,960,192,544,1920,6176,22464,8288,0,832,640,1344,5248,2208,672,3744,128,1472,1440,0,9376,448,35168,1600,608,448,0,152224
2006M05,1215,2052,0,3159,28512,0,0,1161,0,243,5103,1026,108,378,1809,7425,18306,8640,0,918,540,1242,4536,1917,837,3699,378,1431,1836,0,9477,459,29133,1782,513,540,0,139590
2006M06,980,2800,0,3612,29568,0,0,1568,0,532,5348,1344,112,280,1652,7588,15260,10612,0,700,616,700,4564,1540,924,4816,448,1260,2548,0,9688,476,30856,1540,448,840,0,144900
2006M07,1054,3740,0,5338,45152,0,0,2074,0,374,8126,2040,272,714,2788,11832,19244,16728,0,646,1054,1360,7038,1768,1462,6120,544,2278,3740,0,17204,884,39780,3026,1088,1156,0,213248
2006M08,961,2821,0,4092,38192,0,0,2387,0,279,5332,1891,186,465,1798,8277,15903,13361,0,682,651,868,6727,1364,806,6417,465,961,2759,0,11470,372,30783,1984,434,992,0,164703
2006M09,1302,3472,0,4278,40765,0,0,2232,0,248,5456,1767,341,434,2356,9734,16461,13516,0,620,775,1240,7812,1798,1209,6231,496,1271,2976,0,12183,465,33542,2325,527,1116,0,177134
2006M10,1408,3552,0,5856,46976,0,0,1632,0,448,6880,1792,224,1088,3072,11296,23296,13216,0,768,1088,1856,6272,2656,1248,6272,480,1696,3648,0,11648,576,45760,1920,576,1088,0,208544
2006M11,1152,2464,0,3296,27712,0,0,736,0,320,6464,704,256,384,2048,5280,23616,6176,0,736,448,960,5184,1984,672,4160,320,960,1600,576,6016,320,33888,1280,352,640,0,140928
2006M12,972,2412,0,2376,17820,0,0,504,0,324,4608,540,144,540,1044,3960,17064,4140,0,612,324,828,3672,1512,396,2412,252,972,1332,468,4176,252,26352,1584,324,720,0,102960
2007M01,1444,6802,0,5358,32832,0,0,988,0,532,13072,1140,342,950,2280,7030,27284,8246,0,570,418,2128,6232,3382,1368,4560,304,3154,3154,1482,10488,646,43016,3078,912,950,0,194408
2007M02,957,3663,0,3465,20526,0,0,297,0,561,8448,561,132,660,1947,4059,17094,4983,0,594,132,1650,3729,1320,594,2640,264,2640,1782,1188,6567,462,28875,1881,759,363,0,123090
2007M03,1188,2376,0,2310,21549,0,0,429,0,396,6501,363,99,495,1320,3564,20130,5709,0,726,1188,792,3960,1452,495,2838,231,891,1419,924,5907,297,31713,1320,561,561,0,121935
2007M04,1650,3102,0,3333,33528,0,0,957,0,429,7029,858,132,693,1650,6006,19965,9471,0,660,924,1188,5445,2244,858,4587,429,1617,1914,1023,6963,396,36003,1815,594,792,0,156453
2007M05,1372,3024,0,2912,31724,0,0,1260,0,476,7000,952,112,728,1400,6524,21560,8064,0,784,560,756,4984,2072,868,4396,364,896,2548,1064,7448,308,33740,2184,476,840,0,152488
2007M06,1015,3538,0,4060,32248,0,0,1769,0,261,8555,1015,174,696,2088,7163,18763,10440,0,696,667,667,5481,2059,783,6119,319,1015,3016,1131,8845,29,32480,2030,464,899,0,161791
2007M07,1088,4760,0,5134,44200,0,0,2618,0,374,10880,1870,272,952,2822,11696,26112,15164,0,612,1938,1768,7242,2176,1360,6936,340,2618,4454,2074,14586,0,41276,2992,714,1768,0,222292
2007M08,960,3840,0,4064,38656,0,0,2592,0,320,8416,1600,224,768,2240,7968,17600,12192,0,544,1088,928,6336,1664,832,6592,256,1024,3328,1248,9696,0,35168,2208,448,1408,0,175488
2007M09,858,4521,0,4422,40755,0,0,2310,0,297,9108,1914,264,825,2112,9339,19602,13134,0,528,957,858,7689,1947,1155,6369,495,1353,3564,1155,10791,0,36036,2277,462,1518,0,186681
2007M10,1155,4521,0,5478,45540,0,0,2310,0,528,10593,1947,297,1518,2574,12276,25278,11154,0,660,1617,1782,6699,2541,1056,6501,594,2310,4290,1881,13266,0,48312,2871,726,1353,0,222090
2007M11,1394,3366,0,3434,31144,0,0,986,0,408,5576,782,238,544,1598,6256,23256,6528,0,748,578,1156,4998,2448,680,4386,442,1020,2176,1122,7684,0,34680,1802,544,918,748,152796
2007M12,962,2701,0,2590,20128,0,0,592,0,259,4033,592,222,555,814,4329,15799,5624,0,518,481,1036,4144,1554,444,2775,370,1110,1295,888,5624,0,27158,1369,296,629,370,112702
2008M01,1677,7059,0,4251,32994,0,0,741,0,663,12129,936,351,1248,2418,8541,24765,9048,0,663,507,2535,6669,2847,1092,5538,624,2691,2808,2652,14196,0,38415,3744,936,936,1482,200304
2008M02,1056,3960,0,3135,20625,0,0,396,0,429,8877,561,33,759,1683,4785,17556,5247,0,594,165,1386,3795,1551,726,2871,297,2508,1551,2310,8316,0,31218,1914,1254,495,990,134178
2008M03,1435,2905,0,2485,24920,0,0,525,0,315,5810,525,175,490,1155,3535,19635,7070,0,490,980,1120,4270,1820,525,3710,455,1015,1225,1540,6965,0,34545,1435,455,770,770,133385
2008M04,1258,2992,0,2176,25432,0,0,816,0,374,6834,714,136,646,1156,5134,18666,6256,0,680,782,884,4828,1802,374,4046,340,1020,1700,1088,7174,0,31790,1564,578,748,612,132702
2008M05,1170,3600,0,3210,34320,0,0,1290,0,420,9300,1050,270,960,1650,7230,20490,9210,0,600,990,990,5940,2040,540,5490,510,1770,2550,1500,10290,0,35670,2130,570,840,960,167610
2008M06,1073,4437,0,3306,33234,870,0,1624,0,290,8990,1044,203,638,1479,6931,18096,12151,0,580,667,551,6206,2059,522,6090,580,1479,2639,1392,9947,0,33901,1827,464,1131,1363,169157
2008M07,646,4624,170,3434,38590,1836,0,2006,0,442,11492,1836,136,1224,2618,10234,18394,14994,0,442,850,1054,7786,1734,1054,6732,748,2720,3570,1598,13464,34,42058,2686,510,1700,2040,208386
2008M08,864,4672,1088,3328,37280,1408,0,2240,0,224,8832,1632,352,1088,1824,7872,17120,14496,0,352,1088,544,7424,1824,704,6592,512,1280,2752,1248,12416,0,33312,2656,352,1600,2240,183808
2008M09,792,3993,528,2772,36399,1089,0,2079,0,264,8976,1650,165,858,1650,9273,17556,11880,0,462,462,396,7590,2079,825,6072,726,1584,3267,1254,11253,0,32769,2244,0,1386,1452,173844
2008M10,1122,5066,782,3604,44608,1972,0,1870,0,408,10506,1598,238,2006,2550,11254,25024,12036,0,748,1326,476,7854,2720,1054,6800,680,2278,3808,2074,12716,0,44404,2414,0,1224,1258,216682
2008M11,1248,3456,640,1408,28320,1472,0,896,0,416,6880,1120,224,544,1600,6112,24512,7616,0,576,768,768,6624,2304,544,4864,608,1248,1568,1376,7072,0,33504,1344,0,1120,512,151776
2008M12,925,2849,481,703,19536,851,0,518,0,407,4440,629,148,222,962,3885,16687,5476,0,333,370,703,3922,1665,370,3256,407,1036,1443,999,4736,0,29415,1702,0,666,444,110704
2009M01,1368,6992,988,2052,32870,2128,0,646,0,912,10830,722,304,1140,2470,6650,26296,7600,0,418,228,2736,6194,2964,874,4446,494,3648,2736,1368,12350,0,42674,3572,0,760,1558,191406
2009M02,759,3927,1452,1485,18414,1749,0,231,0,396,8547,429,198,858,1749,4191,17985,4191,0,363,99,1353,3564,1683,462,2607,231,3564,1254,1848,6435,0,28248,2178,0,330,924,122133
2009M03,1020,3128,680,1632,22270,816,0,374,0,476,5644,680,68,544,1156,3808,21726,4454,0,612,238,714,4624,1904,340,3978,442,952,1190,850,4794,0,30294,1258,0,646,1054,122706
2009M04,1536,3680,416,1600,29568,1344,0,736,0,512,6688,640,224,320,1344,5792,22528,6464,0,544,384,1248,5184,2432,288,4480,672,1248,1280,1024,6080,0,37824,1536,0,768,640,149152
2009M05,1120,4116,560,1428,27328,1372,0,980,0,364,7252,896,140,224,1316,5852,19096,6692,0,588,700,1064,7140,2128,364,5712,756,1260,1792,840,7224,0,33180,1652,0,812,868,144844
2009M06,924,3668,560,1512,29064,1176,0,1512,0,280,8484,812,140,140,1176,7644,18228,9632,0,336,420,1316,6720,2016,644,6272,616,1372,2072,784,8316,0,34496,1596,0,840,1372,156520
2009M07,1089,5214,1056,2244,36663,1716,0,1683,0,561,9801,1485,264,726,2079,10692,20757,14652,0,297,627,990,9141,2112,792,8019,792,2640,2673,1749,11319,0,41811,3102,0,1584,2112,206019
2009M08,651,4526,682,2232,35464,1085,0,1922,0,372,9548,1550,372,527,1953,8153,18631,14663,0,372,1147,775,9083,1736,651,6758,620,1426,2449,1147,9920,0,38657,2232,0,1612,2077,184791
2009M09,961,4154,744,2108,32984,1302,0,1488,0,434,9548,1705,155,279,1798,8463,19158,12679,0,279,558,651,8990,1891,620,6603,651,1240,2449,1271,9176,0,36766,2170,0,1364,1798,174499
2009M10,1353,5280,1221,2706,40920,1815,0,1419,0,858,10164,1485,330,627,2310,10725,24783,12243,0,693,1089,1353,10329,2409,660,6864,858,2409,2706,1716,11451,0,49500,2442,0,1188,1221,215292
2009M11,1023,3861,726,1947,26829,1155,0,726,0,561,6963,858,198,99,1386,5412,24519,6996,0,363,528,1551,7029,2277,495,4653,594,1518,1485,1386,7326,0,38214,1617,0,891,891,154407
2009M12,851,3330,333,1295,16391,962,0,259,0,444,5032,703,111,407,999,3996,15651,5735,0,148,333,851,5180,1591,333,2812,370,1147,1036,592,4699,0,30599,1369,0,629,555,109002
2010M01,1131,5460,1209,2223,27300,1911,0,429,0,780,12402,780,507,1014,3003,7722,24375,9633,0,351,273,2574,8697,2925,858,4602,858,3861,2067,1950,12090,0,45123,3471,0,741,1404,192075
2010M02,525,4095,1085,1260,17220,1925,0,245,0,560,7420,455,175,560,1855,3990,17990,4725,0,315,210,1365,5460,1330,315,2765,245,3010,1190,1190,6440,0,32305,1610,70,350,700,123235
2010M03,864,3348,900,1476,21492,1404,0,396,0,396,6624,468,108,324,1224,4068,21132,5328,0,360,360,828,5940,1656,144,3708,360,1656,1152,1260,5184,0,32040,1404,0,468,864,127980
2010M04,1258,3876,680,1802,26350,2108,0,1088,0,782,6902,850,170,408,1530,6630,22304,7786,0,306,476,1224,7956,2346,306,4828,612,1462,1666,1122,6256,0,38590,1564,0,850,612,157760
2010M05,1110,3480,720,1470,25050,1560,0,1110,0,450,6900,930,210,300,1560,6360,21480,7260,0,540,720,900,7140,2310,420,5550,480,1290,2190,1410,6240,0,37050,1500,0,750,660,151830
2010M06,900,4200,870,1800,26400,1200,0,2250,0,450,8250,1230,330,450,1680,7410,18390,10590,0,330,540,900,7500,1770,390,6750,570,1710,2490,1410,8310,0,35970,1620,0,1020,1140,163920
2010M07,1054,5644,1462,2924,37196,2516,0,3128,0,646,11492,1904,476,680,2822,10846,22100,14994,0,306,884,2142,9928,2006,816,7582,578,3060,3298,2448,12274,340,44880,3026,0,1666,2448,219402
2010M08,800,4864,864,2784,35008,1760,0,3040,0,320,8288,1856,288,544,2240,7392,22976,13824,0,320,608,1280,9184,1920,448,8416,640,1760,2848,1376,9056,480,39520,2080,0,1600,1984,190784
2010M09,960,5024,928,2784,32960,1536,0,2752,0,224,8512,1888,256,320,2112,9312,19744,11520,0,256,480,992,8416,1856,672,7552,800,1568,3072,1600,8736,448,41792,2112,0,1088,1280,183648
2010M10,1540,5600,1225,3045,43610,2660,0,2240,0,700,10010,1645,315,700,3010,11235,27825,12600,0,560,840,1680,11060,2940,805,7210,910,2240,2975,2450,11200,525,52850,2205,0,1295,1820,232085
2010M11,1330,3395,840,2030,26250,1540,0,1015,0,350,5915,735,210,385,1365,5880,26460,6335,0,315,490,1050,6930,2590,315,5215,735,1330,1715,1190,6475,350,38710,1470,0,700,735,154840
2010M12,936,3198,546,1560,18057,1287,0,663,0,429,4992,741,117,351,663,4446,19305,6045,0,156,351,1053,4914,1833,429,3042,273,975,1365,741,4914,390,32877,1599,0,585,429,121017
2011M01,1280,6160,1040,2600,30960,3640,0,1040,0,760,11360,1120,560,1240,1840,8120,31360,9800,0,360,280,2240,8560,2880,680,5080,680,2680,2960,1360,11760,640,43760,3160,0,720,1560,207160
2011M02,875,4200,1295,1680,17640,2625,0,315,0,490,9450,525,140,490,1610,3990,19600,4935,0,280,140,1435,4970,1610,315,3115,490,2275,1715,1470,6825,245,31745,1680,0,245,945,129640
2011M03,1160,3600,840,1720,20240,1400,0,560,0,480,5560,520,160,240,1560,4120,24120,4840,40,320,400,840,5400,1960,240,4000,520,1160,1200,1200,6480,240,34280,1000,0,280,880,131600
2011M04,1428,3298,816,1598,27166,1768,442,1258,0,408,6426,850,306,306,3298,4930,23902,7004,0,340,476,238,7480,2584,544,5270,442,1224,1428,1258,10472,442,36856,1564,0,714,646,157216
2011M05,1290,4200,1050,1620,27750,1740,990,1770,0,750,7920,1230,240,600,4710,7230,23790,9240,0,570,450,270,7470,2370,540,6630,720,1380,2610,1620,12630,390,37230,1920,0,600,780,178800
2011M06,780,3840,1200,2010,25200,1680,870,2340,0,180,8100,1200,210,600,4890,7230,20190,10890,0,270,570,240,6030,2100,630,7530,180,1380,2580,1440,11250,420,33540,1710,0,900,990,168450
2011M07,1092,5590,1170,3588,38766,2522,1118,3770,0,338,11258,2314,598,650,7020,9802,23400,15418,0,286,1040,390,8242,2340,1144,9672,520,2938,3380,2028,15912,624,42744,2964,0,1742,2366,226798
2011M08,754,4966,910,3146,38896,2054,1040,3796,0,494,9672,2444,286,468,6344,9204,22464,15210,0,286,572,676,8788,2236,468,9048,936,2314,3458,1352,13520,572,40560,2392,0,1664,2210,213954
2011M09,1014,4680,858,2444,31018,1586,728,2808,0,338,7280,1768,286,312,4368,7852,20878,12454,0,286,494,182,7020,2262,624,7202,598,1664,2834,1378,11596,468,33358,1690,0,1144,1586,175682
2011M10,1482,4836,1196,2314,36556,2600,1196,2210,0,286,7904,1560,442,884,5226,8086,25194,9802,0,442,572,286,9594,2756,676,6604,650,2392,3562,1560,11232,442,47216,1690,0,962,1326,205036
2011M11,1638,4212,754,1924,28782,0,1248,1170,0,338,6032,1066,286,520,4160,5668,26702,7826,0,442,624,1014,6708,2548,468,6214,650,1742,1924,1118,8996,364,37830,1196,0,962,858,166348
2011M12,1170,3042,416,1768,18304,0,1118,598,0,390,5148,832,234,234,2314,3926,20020,6136,0,260,364,728,5720,2158,468,3640,572,1274,1326,624,6318,390,31720,1716,0,624,520,127296
2012M01,1664,6760,910,3302,29926,0,2106,910,0,624,12168,1040,390,1144,6682,7540,30472,10322,0,442,286,2210,9100,3250,728,4940,572,5460,3354,1586,17290,728,46202,3484,0,910,1898,224120
2012M02,1092,3640,1300,2860,19136,0,2834,572,0,364,8970,676,208,442,4784,4082,20956,4446,0,234,208,910,5330,2028,494,3146,468,3406,2002,2054,10816,416,32448,1768,0,338,1014,145366
2012M03,1352,3094,832,1872,20878,0,1170,546,0,364,5356,676,182,286,4550,4108,24180,4264,0,260,234,728,6500,2496,338,4316,520,1014,1430,1144,7956,338,33410,1274,0,520,728,137150
2012M04,1742,4680,858,2496,29380,0,2054,1638,0,442,6786,1326,260,936,4914,7046,25298,7228,0,364,468,910,8606,3042,572,6552,884,1404,2184,1482,10712,572,40326,1586,0,780,858,178464
2012M05,1170,3796,780,2080,24284,0,1872,1742,0,234,6422,1144,156,780,4108,6188,23452,8788,0,312,416,416,6552,2756,650,5954,624,1196,2392,1586,9698,390,35178,1508,0,676,858,158184
2012M06,754,5746,1092,2990,26442,0,1898,2496,312,286,7800,1456,494,442,3016,6786,20072,11232,0,312,650,884,6942,2444,858,8268,832,1664,3042,1534,11180,520,35854,1794,0,1248,1534,173264
2012M07,1040,7462,182,3978,40118,0,3068,3926,1742,0,9672,2990,442,884,4082,10218,25142,17056,0,286,988,2262,10712,2392,936,10686,988,3042,5174,3614,17004,598,46618,3458,0,2080,2704,246480
2012M08,832,5486,0,3432,30810,0,1612,3796,1664,0,6734,2938,364,338,2782,7124,20852,13624,0,208,676,1170,8216,2600,468,9386,624,1794,3328,2002,11544,494,36946,2418,0,1950,2392,189800
2012M09,1014,4992,0,3458,31226,0,1690,3068,1898,0,7618,2314,468,494,2834,8060,22854,13468,0,416,546,1092,8372,3146,910,9022,832,2158,3588,2392,13078,520,38792,1768,0,1924,2054,197106
2012M10,1534,5642,0,3094,41366,0,2496,2730,806,286,8476,1950,364,936,3614,9984,29484,14118,0,468,1014,1560,11206,4368,936,8632,1378,2210,4524,2886,14378,624,50908,2288,0,1586,1690,237874
2012M11,1820,3328,0,1534,25480,0,1430,1014,0,0,5252,1508,312,468,2470,5460,27846,8060,0,364,598,910,6968,3250,468,6682,962,988,2392,1716,8996,364,36764,1690,0,832,702,161252
2012M12,1170,3380,0,1430,17758,0,1040,650,0,0,4472,1222,260,234,1638,3952,20826,5980,0,364,416,832,5876,2574,364,4082,650,1092,1664,1118,6578,494,33566,1534,0,858,676,127634
2013M01,1742,6162,0,3224,29874,0,2522,832,0,0,12558,1352,286,858,4108,6240,35594,8736,0,338,260,2444,9568,4134,858,5382,1118,3848,3276,2652,16796,572,50856,3250,0,1040,1716,222898
2013M02,962,4030,0,2288,17862,0,2106,312,0,0,6994,832,234,390,2704,3874,20540,4212,0,234,234,1196,5252,2236,390,2964,650,2158,2002,1924,9100,390,31226,1898,0,312,1066,131196
2013M03,1586,2652,0,2080,19370,0,1716,494,0,0,5382,1092,260,390,2340,3926,26806,5044,0,390,234,702,6058,3094,442,4342,936,1092,1690,1924,8476,416,34580,1274,0,546,910,140374
2013M04,1794,3848,0,2054,24830,0,1690,754,0,0,5200,2730,286,0,2626,4420,24700,7852,0,442,546,1560,7358,3718,468,5226,858,806,2054,1898,8632,624,38584,1248,0,780,650,160862
2013M05,858,3614,0,2704,27768,0,1768,1066,0,0,7748,3276,468,156,3432,8034,25662,9542,0,442,338,1846,7670,2886,598,6396,1118,1222,3744,2314,11310,572,37960,1976,0,910,1170,182026
2013M06,754,4550,0,2964,25116,0,1638,1352,1196,0,7098,3770,624,546,3406,7748,22490,11466,0,338,442,1404,6994,2626,676,7254,832,1196,3484,2080,11258,494,37336,1690,0,1690,1742,181766
2013M07,1118,6058,0,3458,35334,0,2496,2028,1586,0,8710,5460,572,494,3952,9724,28626,16172,0,364,1014,2340,10582,3406,910,10010,884,1560,4602,3536,15574,546,49816,3146,0,2054,2964,240500
2013M08,728,5122,0,3406,31564,0,1716,2548,1482,0,7670,4992,702,494,4004,8684,24830,15548,0,416,494,1742,8840,2808,676,9230,858,1378,4498,2288,12116,546,42796,2340,0,2054,3094,211068
2013M09,1222,5330,0,3094,30914,0,1768,1924,1612,0,8242,5538,650,546,3744,8944,23790,12558,0,442,780,1378,9828,3146,676,9204,780,1378,5460,2470,12402,624,40690,2054,0,1794,2496,206544
2013M10,1612,5226,0,3120,37986,0,2392,1794,884,0,9074,5434,598,442,3770,10400,32188,13806,0,468,1014,1820,12428,4056,806,8060,1092,1820,5304,3406,12922,520,52286,2314,0,1716,1742,241436
2013M11,1690,3198,0,1872,25012,0,2054,338,0,0,5434,2964,416,182,2678,5772,28522,8294,0,442,494,1430,8190,3172,598,6266,858,1326,2834,2158,8346,468,40638,1300,0,832,754,169312
2013M12,1222,3016,0,1144,18278,0,1456,312,0,0,3770,2418,208,156,1872,4004,24076,6292,0,338,468,676,6812,3042,338,4472,572,1196,1820,1040,5642,416,34346,1716,0,676,728,134706
2014M01,2366,6526,0,2418,30940,0,3380,416,0,0,9620,3640,390,52,4186,7280,35906,10348,78,468,572,2548,10426,5018,936,5356,1144,4030,3536,2626,14222,702,51818,3380,0,962,1976,227812
2014M02,1196,4108,0,1742,19032,0,3874,182,0,0,7488,1768,234,0,2808,4316,22152,4966,52,260,130,1378,5876,2548,572,3146,624,2756,1846,2834,8528,286,33826,1560,0,260,1300,142662
2014M03,1716,2704,0,1170,21970,0,1950,338,0,0,5460,1508,182,0,2314,4238,28392,5590,0,442,260,1274,7462,3094,572,4680,806,1196,2132,1690,7072,390,40066,1326,0,598,1040,152256
2014M04,2002,3458,0,1456,25376,0,2522,572,0,0,6058,2756,234,0,3094,5148,27118,8086,0,364,442,1664,7644,3666,546,5668,650,1066,2106,1924,7644,442,40118,1430,0,858,702,165022
2014M05,1508,4238,0,1664,28314,0,3302,988,0,0,7774,4238,364,0,3302,7800,27456,10218,0,494,598,2366,9516,2886,806,6240,1222,1456,3770,2496,10946,598,42094,2262,0,1274,1066,195988
2014M06,1144,4602,0,1560,26442,0,2704,1352,1326,0,7098,4004,624,0,3146,7150,23946,12272,0,390,494,1768,8892,2548,858,7332,676,1144,3588,2496,10036,442,37882,1794,0,1716,1456,186238
2014M07,1144,6266,0,2704,36426,0,3380,2340,2080,0,9256,6240,832,0,4342,10348,27794,18668,0,390,1014,2444,12090,3146,1404,9594,1144,2158,5044,3718,13624,676,48932,3198,0,2418,3198,247312
2014M08,1014,4992,0,2600,32552,0,2782,2730,1638,0,7592,5434,780,0,3770,8268,25402,17108,0,442,546,2028,10400,2860,754,9048,1144,1456,3926,2496,11700,572,43758,2158,0,2366,3250,216918
2014M09,1274,4914,0,2340,32370,0,2522,2002,1872,0,8502,5902,650,0,3276,9048,24596,13364,0,286,832,2158,10868,3146,884,8580,1144,1560,4498,2782,10868,624,41002,2080,0,1950,2496,209586
2014M10,1586,4836,0,2314,42796,0,3666,1768,1144,0,9074,5304,676,130,3900,9724,33462,15600,0,390,1014,2626,13286,4576,988,8398,1404,2080,4550,3406,11440,754,56654,2392,0,1638,1716,254592
2014M11,1534,4056,0,1378,27794,0,2808,78,0,0,5226,3640,572,104,2964,6630,30940,9464,0,468,494,1846,9932,3484,546,6448,1040,1170,3146,2574,7488,520,42224,1482,0,936,754,182598
2014M12,962,3250,0,1170,18928,0,2366,0,0,0,3900,3094,260,0,1430,3952,22854,7202,0,286,416,936,7046,2756,286,4316,1014,1014,1794,1404,5512,780,35230,1664,0,676,676,136110
2015M01,1638,6760,0,2210,32760,0,5928,0,0,0,11674,4212,390,0,4030,8138,36218,11778,0,442,494,3250,11518,5122,1144,5538,1612,4290,4056,5434,17498,806,51922,3718,0,1066,2210,246948
2015M02,1014,3744,0,1092,19344,0,2860,0,0,0,5122,1742,312,0,2834,4160,25064,5616,0,338,442,2028,6370,2652,494,3406,780,2080,2496,2600,7514,442,33670,1950,0,416,1040,142870
2015M03,1534,3354,0,1274,23348,0,3744,0,0,0,6344,2080,364,0,2912,4290,31902,5746,0,520,546,1560,8424,3614,390,4680,884,1092,2236,3250,6864,364,37882,1456,0,572,1040,162890
2015M04,1638,4030,0,1482,29380,0,3848,702,0,0,6500,3822,468,0,3770,7150,33228,9958,0,390,754,2314,10556,4576,754,6136,988,1014,2990,2678,8710,520,42614,2054,0,546,780,198692
2015M05,1274,3952,0,1352,27924,0,2964,728,104,0,6760,4030,442,0,3354,7514,28496,9984,0,676,598,1976,10270,2730,676,6448,1092,1170,3614,2444,8632,572,39962,1976,0,754,1196,188864
2015M06,910,4368,0,1482,27872,0,4186,1066,1274,0,7332,5070,650,0,3744,8346,29614,13780,0,338,572,1924,10140,2548,988,8372,1040,988,3952,2626,9438,624,41808,1716,0,936,1846,201422
2015M07,1040,6838,0,2418,38428,0,3926,2600,1742,0,9074,6266,988,0,4966,12428,32994,21216,0,260,1430,2496,14092,3276,1664,9802,1118,1976,5252,4264,13962,624,49972,3666,0,2470,3484,266110
2015M08,910,6006,0,2288,33852,0,3406,2366,1456,0,7280,4966,858,0,4498,9698,28678,19266,0,364,832,1872,12012,2938,754,9880,1014,1404,4368,3016,12246,702,47320,2158,0,1638,3016,232752
2015M09,1222,4810,0,2080,32448,0,2496,1924,1664,0,7618,5642,546,0,4524,9750,27924,15626,0,312,910,2132,12428,3198,936,8164,1040,1352,4524,3302,11934,572,41834,2106,0,1560,3042,219232
2015M10,1846,6136,0,1924,41756,0,4108,1508,806,0,8866,6084,754,0,5070,11856,37778,16198,0,364,1248,3406,15600,4134,1092,9204,1430,1716,4784,4524,13572,598,57512,2340,0,1768,2002,271362
2015M11,1664,3562,0,1404,27118,0,3874,78,0,0,5330,3380,364,0,2782,7228,34372,10374,0,468,650,1768,10218,3848,572,7202,1170,1170,2990,3458,9412,468,43498,1638,0,858,910,192920
2015M12,1170,3094,208,1222,19188,0,3042,182,0,546,4108,2678,286,0,1924,4160,26130,8450,0,364,390,1170,7566,2808,234,4082,754,1222,1742,1820,5382,338,34476,2080,0,650,910,144092
2016M01,1326,7956,1534,2678,33384,0,7280,1170,0,1040,11284,4420,468,0,4654,7878,39936,13364,0,416,728,3926,12376,5616,1300,6890,1352,3614,4056,5850,14066,624,51636,4160,0,1040,2834,262470
2016M02,832,4238,832,1300,19760,0,5278,520,0,676,6240,1638,156,0,3094,4082,26936,5954,0,286,208,2522,6656,2782,468,3510,728,2496,2106,4446,7046,468,35230,2522,0,156,1144,159120
2016M03,1612,3978,338,1300,21892,0,3926,260,0,754,4316,1716,286,0,2964,3562,29562,7670,0,364,520,1638,8814,3692,520,4836,780,884,1872,2704,6292,364,38064,1872,0,312,884,164684
2016M04,1742,4108,234,1300,26416,0,4264,1040,0,728,5564,3432,546,0,2938,4940,30056,10062,0,312,650,2444,12376,4498,676,7098,988,884,2704,3198,7332,546,40794,1534,0,572,832,194038
2016M05,1196,4472,572,1300,28574,0,5252,1170,52,988,6994,3796,442,0,2912,6864,31174,12220,0,546,676,2756,13624,3354,624,8580,1066,1118,3406,3900,8450,546,42900,2236,0,442,1456,214474
2016M06,884,4654,598,1248,27300,0,6058,1456,1482,1040,7358,5044,624,0,2522,7098,26676,14716,0,312,546,2132,12948,2756,676,10062,676,1014,3328,3900,9516,624,42146,2626,0,910,1976,214526
2016M07,1092,7098,1144,2262,36400,0,6136,3848,1846,754,8190,7436,988,0,4238,12714,31798,23660,0,286,1456,2912,18616,3328,1378,11986,1092,1664,5642,5746,13624,910,48438,3224,0,1482,3900,285922
2016M08,837,5905,536,1976,31479,0,4891,2844,1777,1325,7511,5301,809,0,3423,11746,27167,20707,0,241,898,1853,14640,2885,915,10944,1224,1191,3907,4367,12008,919,45834,2514,0,1302,3302,246522
2016M09,1429,5316,543,2229,30148,0,4827,2989,1777,899,7911,5875,848,0,3293,10877,24863,18064,0,263,1090,2578,14953,3117,812,10743,883,1181,4530,5167,12679,587,42228,2328,0,996,2806,238762
2016M10,1514,6762,1111,2087,43414,0,7158,2606,925,1155,8211,7365,773,0,4471,12683,36130,16514,0,181,1655,3825,20140,5018,736,11736,1151,1482,5494,5503,11332,876,54771,1917,0,1116,2408,294696
2016M11,1534,3654,1000,1477,26829,0,5993,431,0,694,5791,4055,390,553,2538,9097,34447,11090,0,362,748,1634,14180,3559,455,7864,633,1425,3599,3029,8324,250,40415,1628,0,753,737,205551
2016M12,731,3532,1125,998,19268,0,4298,343,0,537,5124,2992,335,647,1523,5170,26921,8800,0,242,470,1417,8947,2749,330,4614,546,1042,1913,2443,5224,387,33939,2413,0,541,749,155657
2017M01,1735,8300,3495,2945,33957,0,7258,1483,0,1294,15357,5889,488,1328,4374,9549,38808,14037,0,501,677,4586,17159,5041,1051,7515,1286,3607,5147,5556,13856,828,49758,4463,0,941,3182,285876
2017M02,915,4205,2752,1582,18638,0,8663,496,0,531,9999,2619,185,676,3417,3730,26602,6735,0,247,245,2956,10884,2566,547,4374,462,2874,2599,5698,8154,349,35324,1914,0,273,1301,185099
2017M03,1698,3388,946,1477,20966,0,4935,452,0,629,6325,2804,268,416,2713,4367,30841,7424,0,425,553,1728,11221,3220,647,6029,686,973,2554,2551,8734,406,37190,1556,0,283,1111,177767
2017M04,1492,5106,955,1354,29101,0,4282,1362,0,662,7890,4411,785,0,3845,7065,32053,12482,0,504,730,2831,14819,4622,1012,8457,898,1140,2982,3953,9171,612,45665,1854,0,727,822,222454
2017M05,1392,4720,1083,2255,28563,0,4325,1188,181,693,7989,4961,733,0,3747,8840,27841,13973,0,371,587,2602,14046,3152,948,9193,1063,1524,3658,3858,9069,412,42082,2676,0,506,1345,221152
2017M06,988,5310,1221,2069,27611,0,4777,1534,2110,992,8128,5019,748,0,3237,9232,26398,16612,0,20,645,2273,11828,2271,933,10044,967,1206,3512,3537,8871,429,43268,2485,0,745,1867,223233
2017M07,1091,8028,1719,2840,39387,0,4670,3100,3119,637,11305,7976,787,0,4635,12608,31480,24776,0,44,1679,2893,19424,3070,1859,11970,1197,2089,4472,6052,13891,741,49497,3532,0,1847,4119,310683
2017M08,730,6936,936,3255,33148,0,3605,3482,2291,656,9324,5890,988,0,4254,9280,25925,23367,0,60,905,1902,15477,3297,948,11278,817,1233,5158,2718,11573,556,43896,3056,0,1297,3034,259734
2017M09,1055,5448,1075,2911,31183,0,3788,2804,2354,647,9673,6438,1026,0,3260,8783,28827,19173,0,60,1295,2536,14787,3329,999,10468,826,1220,4541,3906,11995,775,41033,2628,0,1047,2856,257376
2017M10,1713,6587,1811,3099,41921,0,5176,3140,2011,1071,10286,6603,812,22,4714,12784,37816,19901,0,160,1611,4489,20290,4432,1310,11723,1407,1431,4362,5190,12413,752,55433,2990,0,1070,2584,319703
2017M11,1585,4529,1597,2449,26167,0,5342,652,0,688,7145,4480,545,695,2565,6992,32448,12385,0,240,968,2348,13108,4139,522,8321,802,1155,3015,3467,9004,528,42405,2014,0,546,1011,213948
2017M12,1163,3957,939,2023,20955,0,4814,549,0,628,5386,4733,348,206,1634,4712,25440,9809,0,241,467,1330,10526,2639,289,5642,701,1028,2422,2156,5613,427,33153,1970,0,749,833,165660
2018M01,1722,9655,3580,4397,35353,0,10229,0,0,1192,21758,5378,735,1241,5017,8845,40817,16059,0,140,757,4726,18380,5193,957,8239,1667,3507,6636,7548,13883,620,48118,5465,0,1196,2830,316419
2018M02,939,3916,1702,2706,19544,0,5560,0,0,610,9240,2872,523,726,2904,5067,25302,7504,0,0,86,2650,9848,2315,385,5112,746,1873,2721,4419,6634,608,35046,2160,0,264,1449,177180
2018M03,1780,4094,1720,2834,21168,0,5386,1,0,643,6105,3770,363,657,3370,4863,31109,7930,0,0,567,1628,10573,3390,271,6350,624,992,2719,3042,7318,449,36612,1505,0,243,1069,182692
2018M04,1341,5637,1136,2752,29567,0,4485,585,984,551,8232,8058,564,0,4164,4539,32123,13113,0,1,1057,3346,13373,3539,951,8842,1143,1288,2113,3487,9806,424,46730,1685,0,631,1365,233752
2018M05,1412,5679,1187,3569,27602,0,4845,609,2369,956,7572,7316,632,0,3320,6591,29806,13856,0,222,507,3805,13281,3245,533,9640,1212,1410,3040,3647,9456,514,43197,2492,0,882,1322,233595
2018M06,1028,6242,1341,3281,26813,0,4623,1005,3718,806,8835,6991,717,0,2406,7085,29333,18696,0,0,933,2829,13985,2624,755,10811,999,1146,3316,3693,10404,512,45058,2368,0,1032,1935,243561
2018M07,1182,9185,1813,4713,39732,0,6181,2634,12001,811,13042,11103,911,0,3999,9552,35386,28875,0,0,1896,3419,18991,3203,2136,13355,1298,1986,4464,6963,15048,906,48894,4418,0,1804,5075,347063
2018M08,913,7965,1403,4027,34680,0,4692,2852,7950,519,8888,7375,986,0,3281,7052,29611,23429,0,0,1154,2120,16277,2803,1117,12205,1073,1251,4378,2933,13465,698,44411,3144,0,1718,4076,283667
2018M09,1393,6623,1588,3848,33430,0,3837,2187,8369,661,9791,8992,1086,0,3232,7872,31481,21608,0,0,1149,2918,16328,3060,889,12259,1019,1362,4558,3393,12384,495,43620,2480,0,1514,2839,276460
2018M10,1961,7917,1994,3631,41066,0,6536,1335,8140,1396,12722,9439,858,61,3671,9428,41537,20269,0,0,1256,5016,19094,4067,1098,11878,1570,1712,4045,5189,11997,910,56747,2981,0,1592,2205,326708
2018M11,1847,4269,1480,2556,25186,72,5535,0,2268,837,7408,4736,785,594,2029,6442,35314,12479,0,147,828,2477,12599,3668,500,8291,1323,1318,3555,3323,10164,415,44539,2073,613,775,853,221845
2018M12,1326,4570,1100,1958,20015,0,5255,0,1900,605,7127,3617,387,437,1270,4134,27849,9908,0,45,735,1452,9258,2814,421,6368,848,975,2104,1981,5879,440,35818,2164,365,657,710,174279
2019M01,1654,10909,3232,4362,33825,0,11783,0,4483,1100,19875,6023,648,1221,3981,8640,41069,16946,0,0,792,4826,17172,5314,988,7711,2108,2592,5521,6397,16835,828,49382,4929,893,1238,2641,320945
2019M02,1096,4546,2719,3031,19630,0,8107,0,1459,535,10394,2147,379,598,2927,4472,29436,7578,0,26,237,3051,8986,2828,343,4319,1017,1152,2584,4801,9389,439,36197,1947,782,431,1513,190597
2019M03,1864,4204,1821,2937,21824,0,6161,32,1121,601,5977,3287,564,498,2006,4313,34770,8759,0,0,506,1914,10177,3492,334,5952,1123,820,2581,2946,10144,299,40890,1463,590,499,1063,194989
2019M04,1859,5977,1461,2933,30566,0,5773,546,2859,738,8105,5084,606,55,2864,4874,34848,14405,0,37,1122,3697,11773,3753,728,8476,1415,1347,2580,4497,11221,200,47882,1829,660,928,1069,243302
2019M05,1340,5604,1375,2931,29055,0,5673,819,3328,665,7535,6014,651,0,2982,5876,29295,15205,0,153,701,3082,11705,2768,495,8759,1344,1408,3339,4419,12747,186,43324,2345,770,741,1326,235169
2019M06,1050,5794,1791,3220,30646,0,5984,952,5545,830,8644,5888,876,0,2253,6766,29087,21659,0,0,739,2320,12460,2978,748,11228,1080,1503,3545,4652,13046,307,46494,2303,656,1360,2301,257310
2019M07,1249,8365,1730,4531,39713,0,6051,2617,12301,717,10858,9005,992,0,3860,9313,33914,27919,0,1,1965,3426,15315,3343,1778,14121,1524,2059,4541,6766,17911,186,50564,4891,1134,2185,4620,340250
2019M08,1150,7818,1472,4199,36216,0,6137,2809,9471,644,7035,6190,928,0,3315,7057,30736,24815,0,40,1195,2267,13521,4002,746,13011,1255,1206,3870,3411,14971,0,44411,2772,552,2170,3284,284520
2019M09,1531,6637,1159,3834,33892,0,4044,2586,9632,687,8403,6935,850,0,3314,8928,30753,21347,0,62,1293,3203,13967,3180,916,12569,1153,1579,3997,4605,15142,2,44283,2492,590,1530,3377,279754
2019M10,1996,7944,1928,3638,39822,0,5464,1912,10092,877,9568,6718,888,97,3961,9176,41198,21240,0,105,1311,5007,16159,3861,822,12253,1556,2334,4062,6462,14498,0,59688,3054,904,1611,2718,326409
2019M11,1679,4367,2108,2946,30142,0,4734,4,3532,910,6473,3519,762,824,3178,5629,35551,13663,0,122,825,4501,11616,3666,492,8634,1027,1956,2922,3946,11232,0,45887,1922,857,1123,901,233660
2019M12,1249,4410,1319,1874,21939,0,4826,823,2282,802,6315,3488,508,450,1975,4253,38412,11102,0,114,597,1660,9569,2334,444,6573,558,1822,2445,2296,6475,196,37589,2446,576,752,976,194522
2020M01,1992,9004,2840,4140,34368,0,10288,0,5660,1537,17089,5650,781,1704,5326,7904,46565,16077,0,153,717,5667,13446,4252,1047,7967,1319,5523,6084,6412,18095,315,50626,4442,2302,1546,4170,326341
2020M02,1208,3560,1737,2843,19960,0,4349,0,3041,833,8937,2143,427,665,4466,4240,31572,8416,1,109,316,3022,8440,2657,509,4886,681,3299,2232,3443,11323,202,35433,1721,1469,455,1993,190541
2020M03,1161,2654,132,2196,15421,0,525,1061,2332,574,1722,2282,213,239,2687,4477,23170,7165,0,191,364,1626,6541,3103,375,4946,805,399,2211,200,9080,82,25992,1115,456,377,2640,136721
2020M04,0,146,0,27,296,0,104,0,0,0,148,0,27,0,72,253,299,113,0,0,2,15,0,0,0,40,118,33,18,62,6,0,478,219,0,36,101,4035
2020M05,0,155,0,0,367,0,257,0,0,0,166,0,6,0,0,262,475,0,0,0,1,0,0,0,2,46,0,56,0,61,0,0,706,36,0,0,0,2626
2020M06,0,38,0,0,396,0,367,0,0,14,70,0,17,0,0,335,544,67,0,0,0,40,0,0,0,31,0,59,0,194,250,0,640,29,0,1,0,4474
2020M07,0,44,0,226,320,0,153,0,0,0,259,0,6,0,92,261,275,43,0,0,0,57,0,0,0,61,0,48,4,175,154,0,466,22,0,0,0,3107
2020M08,0,44,0,96,448,0,155,0,0,0,319,21,4,0,191,267,209,104,0,1,0,75,0,1,0,92,0,102,56,271,252,0,267,25,33,0,0,3295
2020M09,0,16,0,31,369,0,57,0,0,0,203,0,6,0,339,329,135,29,0,0,0,36,0,0,0,27,0,81,89,123,409,0,208,10,27,0,0,2723
2020M10,0,28,0,0,470,0,89,0,0,0,162,0,3,0,476,334,101,54,0,0,0,29,0,0,0,38,18,71,4,164,578,0,215,11,35,1,0,2927
2020M11,0,11,0,0,326,0,75,0,0,0,122,10,5,0,426,340,92,16,0,0,0,45,0,0,0,27,0,29,0,136,328,0,415,7,6,1,0,2468
2020M12,0,25,0,0,324,0,119,0,0,0,139,0,11,0,639,187,129,39,0,0,0,29,0,0,0,43,0,55,0,182,253,0,423,10,8,2,0,2635
2021M01,0,57,0,0,460,0,64,0,0,0,206,22,5,0,713,239,335,36,0,2,0,73,0,0,0,123,0,76,0,153,338,0,639,5,17,2,0,3592
2021M02,0,37,0,0,471,0,119,0,0,0,92,0,3,0,553,201,242,43,0,0,0,44,0,0,0,158,0,78,0,152,260,0,501,9,25,25,0,3033
2021M03,0,14,0,0,432,0,100,0,0,0,61,0,15,0,622,204,250,32,0,0,0,30,0,0,0,119,0,104,0,136,302,0,388,9,17,5,0,2857
2021M04,0,25,0,0,2080,0,83,0,0,0,60,0,17,0,500,213,2191,39,0,2,0,51,655,154,0,202,0,57,0,79,299,0,3259,13,21,0,0,10084
2021M05,396,10,0,0,7257,0,136,0,0,0,54,0,14,0,263,388,5859,51,0,2,0,100,2812,1249,0,510,0,56,0,100,369,0,9075,3,0,2,0,29019
2021M06,524,27,0,0,7710,0,123,114,0,0,30,0,20,0,353,323,1999,65,0,23,0,34,3478,1293,0,4701,0,80,0,108,561,0,7723,8,33,3,0,29638
2021M07,702,8,0,0,8988,0,118,455,0,0,32,27,19,0,506,433,5316,32,0,59,1,49,3366,2399,0,11229,0,62,0,88,663,0,1177,7,15,10,0,36517
2021M08,0,8,0,0,213,0,102,0,0,0,43,1,12,0,671,489,9,11,0,0,0,523,1,7,2,9322,0,27,0,44,790,0,958,3,15,4,0,13398
2021M09,0,4,0,0,169,0,110,0,0,0,22,0,7,0,859,435,19,2,0,0,0,101,0,0,0,344,0,42,19,48,892,0,56,5,8,0,0,3210
2021M10,0,63,0,0,449,0,122,0,0,0,34,1,4,0,743,475,204,15,0,0,0,88,0,69,0,120,0,61,7,48,927,0,184,13,12,28,0,3779
2021M11,0,121,0,0,291,0,42,0,0,0,23,4,10,0,941,444,194,23,0,0,0,19,0,0,2,65,0,39,0,46,780,0,135,55,2,35,0,3364
2021M12,0,39,0,0,572,0,78,0,0,0,37,0,17,0,1027,463,368,83,0,0,0,30,0,17,0,117,0,90,0,63,582,0,589,35,18,39,0,4388
2022M01,0,41,0,0,480,0,67,0,0,0,79,0,35,0,2014,920,387,198,0,0,0,73,0,25,0,2140,0,99,13,94,1082,0,609,7,41,28,0,8475
2022M02,0,221,0,0,306,0,59,0,0,0,62,12,29,0,1514,457,415,86,0,0,0,19,0,97,0,3952,0,64,0,74,600,0,408,46,31,127,9,8604
2022M03,410,249,0,0,3445,0,273,0,0,0,8,11,15,0,3537,1633,4789,1456,0,0,0,77,1133,383,0,3137,0,191,0,172,2612,0,6430,144,92,60,279,30588
2022M04,665,83,0,0,8367,0,298,34,0,0,0,1,15,0,5153,2708,9862,6086,0,0,0,174,3339,1426,1,6718,200,229,549,42,5692,0,12189,39,97,59,662,64741
2022M05,1107,133,0,0,11598,0,321,0,0,0,65,0,29,0,6622,3817,11549,11057,0,0,62,423,4327,1619,90,8583,526,872,1415,53,9014,0,16402,39,117,55,1017,90964
2022M06,1047,256,0,0,10550,0,314,0,0,0,233,0,21,0,6136,3866,14297,14106,0,0,157,387,5394,1612,191,11251,622,841,1561,93,9116,0,21496,88,237,6,1205,105110
2022M07,2836,355,0,0,15934,0,299,1398,0,0,1223,3214,224,0,9015,4547,20941,23540,0,0,1043,667,10845,2797,1331,14150,912,1408,1704,145,14696,590,26081,209,191,436,1883,165003
2022M08,2936,1468,0,0,15631,0,342,1589,0,0,1146,3701,405,0,9614,6124,21594,22108,0,0,879,714,10289,2563,955,11881,1109,1088,2109,222,16621,619,29508,705,242,734,2177,172269
2022M09,2811,2147,0,0,14890,0,406,1594,0,0,1573,4113,423,0,9389,6404,21037,19915,0,46,1117,985,10894,2728,1106,11133,903,1144,2216,307,15153,484,29852,1245,330,760,1949,170754
2022M10,3201,2843,0,0,22743,0,497,1601,0,0,2894,4926,422,0,9745,5991,25485,21922,0,99,1506,1916,13930,4061,1604,10777,1288,2831,3216,373,13798,330,37743,1546,527,1140,1730,206321
2022M11,2943,3441,0,0,20143,0,307,0,0,0,2105,3287,322,0,7061,3075,28287,14297,0,52,957,1407,12651,3476,713,8021,1130,2649,2372,530,10904,0,37274,1491,767,819,1335,177010
2022M12,2095,3158,0,0,12022,0,441,2,0,0,1901,2781,309,0,2463,2364,20234,11291,0,206,752,1764,7448,1687,430,5030,894,1857,1730,566,5865,0,27862,2149,1312,453,1115,127287
2023M01,4220,7873,0,0,22288,0,894,0,0,0,5831,4438,295,0,5608,4816,32383,18624,0,139,1058,4521,12039,3607,1645,6932,2115,5378,4040,1546,17017,4,45086,4309,1838,771,4140,240401
2023M02,3475,4151,0,0,14002,0,1546,0,0,0,5290,2055,299,0,4272,2862,23323,9993,0,109,397,2999,8549,1982,494,4271,1644,2918,1734,2847,10685,0,36341,1593,1585,426,2233,160075
2023M03,3145,3222,0,0,16320,0,1388,26,92,0,3899,1563,229,0,3791,2843,26140,10714,0,90,473,2465,10397,2986,365,5525,1136,1474,1799,1988,10751,0,35978,1663,920,357,1598,161937
2023M04,3420,5523,0,0,23666,0,2952,701,2342,0,3967,3249,351,0,3594,3265,30935,16438,0,114,1149,4307,13554,3349,1152,7346,1222,2681,2081,3569,14453,0,39405,1833,1213,478,1219,210446
2023M05,2648,5784,401,0,23465,0,3283,773,2775,0,4016,3580,407,0,3502,3766,25474,17109,0,51,819,3787,13327,3007,722,8511,1279,2534,2616,3474,14521,0,35848,2009,923,683,1438,203641
2023M06,2455,6173,802,0,21979,0,3495,1108,3441,0,4222,3141,460,0,2827,3871,23762,22004,0,39,955,3300,12574,2609,968,10088,1060,2302,3220,3602,15255,7,37293,1814,887,799,2088,212221
2023M07,2570,7769,2287,0,28812,0,4607,1689,5850,0,6664,5697,570,0,4386,6399,30772,28307,0,38,1808,3667,15298,2753,1650,11250,1228,3912,4084,6128,20852,2,44208,3089,1181,1457,4444,288827
2023M08,2038,6452,1260,0,26282,0,3004,1809,3993,0,3769,3760,671,0,2747,5837,26621,24315,0,38,806,1695,12531,2765,934,11583,1035,1871,3818,4547,17335,0,38048,2301,705,1368,3621,241236
2023M09,1263,5631,1500,0,27331,0,2846,1929,3692,0,4398,4311,487,0,2854,6539,27423,22933,0,104,1315,3105,14369,3542,1096,11186,1130,2079,4040,4286,17339,0,42094,1684,732,1039,3277,254869
2023M10,1554,6151,2640,0,35881,0,4091,941,3327,0,7042,4459,559,0,3565,6171,38375,24055,0,60,1436,5204,16686,4931,1224,10984,1579,3576,4968,7368,18012,0,58688,2065,1169,785,2808,311415
2023M11,1298,4522,1091,0,28507,0,3379,0,124,0,4589,2988,790,0,2773,3838,33182,16503,0,97,896,3915,13121,4626,678,8318,1248,2626,3040,4214,11949,0,43951,1732,858,784,1193,226814
2023M12,763,4525,1112,0,21088,0,3862,2,0,0,3968,1985,430,0,2169,3171,26947,12499,0,103,605,3002,9712,3250,478,5905,949,2013,2089,2642,8826,16,35228,2152,765,510,1046,171772
2024M01,1169,9864,4457,0,33787,0,12276,0,0,0,11652,3548,888,0,4894,10638,43123,22693,0,146,926,6666,14758,5845,1142,8801,1844,4290,5228,8124,22966,0,54047,4228,1980,781,4107,328125
2024M02,769,4871,3243,0,20530,0,6729,2,0,0,5969,1642,275,0,3353,3375,33356,10594,0,84,333,5162,9303,3741,369,5537,1214,1951,2152,4356,13462,0,44077,1667,669,244,1978,204549
2024M03,1088,3450,1183,0,21367,0,3242,0,0,0,4251,1527,317,0,3076,3241,31724,11115,0,89,482,3151,11409,3820,335,6251,1182,1798,2287,3198,14050,0,40916,1528,627,369,1582,190278
2024M04,1433,5419,1616,0,31911,0,3443,796,4317,0,5427,2301,558,0,3470,4340,32755,17985,0,121,885,4884,14673,4893,1032,9243,1494,1152,2330,4963,15109,2,46589,1811,772,599,1349,242133
2024M05,1128,4857,1480,0,28508,0,3368,745,4619,0,3933,2172,454,0,3295,4843,27148,18001,0,0,485,4100,13068,4096,662,9952,1585,931,2892,4789,16195,0,39766,2601,713,192,1980,223400
2024M06,1052,5538,1728,0,27427,0,3611,1306,6105,0,4169,2075,704,0,2987,4788,25554,22730,0,0,2,3651,13126,3740,1054,10884,1138,1007,3192,4728,17505,0,42045,1732,597,72,2376,235026
2024M07,1058,7757,2277,0,37288,0,5991,1951,8919,0,5940,3203,941,0,4535,8460,31576,29842,0,0,14,3446,15989,4647,1650,12623,1461,1189,4718,5758,23117,0,47517,4222,911,423,4172,313986
2024M08,919,6952,1497,0,30567,0,3122,1750,8755,0,3897,2443,962,0,3220,5373,25995,25164,0,5,13,1753,13492,4031,971,11916,1287,765,3701,3632,18794,2,40035,2136,357,274,3219,255939
2024M09,1498,6080,1542,11,29491,0,3257,1796,6557,0,6039,2711,875,0,2948,5298,26238,24262,0,85,19,3292,14192,3742,888,11585,1076,816,3813,4231,19421,0,44613,2060,398,225,3453,261280
2024M10,1234,6570,2480,0,41052,0,4586,1485,6899,0,7772,2516,915,0,3351,7395,37048,24370,0,103,43,5577,17822,4371,1287,12099,1707,1590,4502,6527,20160,0,55640,2239,889,557,2810,319249
2024M11,1646,4338,2183,0,28992,0,4963,0,2411,0,5716,2143,677,0,3090,4390,35314,15730,0,86,37,5304,12219,3977,487,8235,1562,2493,2682,4463,14957,1,43242,2053,648,408,1216,231807
2024M12,940,5135,1857,0,23246,0,4791,0,1771,0,4789,2036,343,0,2718,3457,29462,13519,0,109,34,3058,10819,2773,535,6449,1061,1895,1979,2827,9676,0,36559,2335,593,343,1125,187948
2025M01,1414,11260,4049,0,35154,0,12537,0,3164,0,11863,3292,575,0,6461,8735,47225,18846,0,149,70,8421,17211,4530,1005,9350,1844,4033,5065,6384,23454,0,49132,4029,1478,305,4498,330259
2025M02,805,5068,3858,0,21473,0,9937,0,1733,0,8608,1578,211,0,4975,3218,28919,10720,0,108,25,5421,8119,2722,352,5701,1379,2131,1734,5809,14135,0,36655,1774,1074,255,2077,207264
2025M03,1564,4658,1550,0,20940,0,4259,70,1631,0,6425,1632,434,0,4387,4442,36637,11095,0,139,41,4146,8704,3638,399,6090,1421,1806,2947,3460,14501,0,40471,1664,712,251,1839,205035
2025M04,1523,4798,1777,0,30893,0,4114,1226,4953,0,6864,2525,492,0,4628,4240,33929,17298,0,132,111,5225,15228,4749,932,8572,1595,1310,1825,4930,15955,0,44473,1707,1039,304,1351,244843
2025M05,1285,4817,1645,0,31994,0,4067,1407,5150,0,5863,2385,726,0,3968,4479,29713,18322,0,0,84,4870,12553,4346,684,9549,1477,1341,2843,5326,16890,0,42208,1946,733,236,1858,238993
2025M06,1154,5687,1736,0,29548,0,3904,1847,6670,0,6022,2058,778,0,3570,3548,29575,22636,0,2,128,4246,13766,3890,865,10828,1215,1149,3025,5506,17832,0,43796,2239,731,495,2622,250098
2025M07,1200,7412,1597,0,38208,0,3946,3790,9623,0,8058,2509,869,0,5040,7063,33508,28960,0,0,238,4391,20744,3921,1858,12936,1616,1779,4582,5930,22921,0,51670,3443,652,649,4513,321946
2025M08,1032,6712,1336,0,30791,0,2855,3305,8547,0,4679,1972,889,0,3837,4110,27732,25795,0,0,153,1972,16230,4063,842,13200,1478,905,3120,3941,18464,13,42700,2385,467,445,4123,258375
2025M09,1086,6573,1159,0,34007,0,3144,3321,7105,0,6182,2599,880,0,4057,5155,30061,24845,0,0,186,3918,20232,4478,1118,12875,1380,1370,3363,4618,19174,2,46363,2427,513,420,3675,280727
2025M10,1811,6335,1769,0,39298,0,4596,2394,6726,0,7772,2279,876,0,4685,6160,39385,23189,0,0,198,6378,20440,6152,786,12378,2152,1620,3495,6460,20613,0,53488,2799,776,439,3183,316064
2025M11,2531,3936,1533,0,30410,0,5000,449,2729,0,6089,1276,562,0,4853,4004,39337,16422,0,2,315,4056,13841,4966,684,9522,1372,1814,2334,5589,15883,0,47339,2108,772,485,1132,247179
2025M12,1966,4899,1072,0,25892,0,6551,330,1740,82,5182,1797,469,0,3993,3077,33186,13210,0,0,197,3102,13064,3499,511,7298,1275,1210,1719,3531,10051,0,39014,2224,714,480,1393,205066
Table information:,,,,,,,,,,,,,,,,,,,,,,,,,,,,,,,,,,,,,,
Units:,,,,,,,,,,,,,,,,,,,,,,,,,,,,,,,,,,,,,,
"Number, Magnitude = Units",,,,,,,,,,,,,,,,,,,,,,,,,,,,,,,,,,,,,,
,,,,,,,,,,,,,,,,,,,,,,,,,,,,,,,,,,,,,,
Footnotes:,,,,,,,,,,,,,,,,,,,,,,,,,,,,,,,,,,,,,,
 ,,,,,,,,,,,,,,,,,,,,,,,,,,,,,,,,,,,,,,
Symbols:,,,,,,,,,,,,,,,,,,,,,,,,,,,,,,,,,,,,,,
.. figure not available,,,,,,,,,,,,,,,,,,,,,,,,,,,,,,,,,,,,,,
C: Confidential,,,,,,,,,,,,,,,,,,,,,,,,,,,,,,,,,,,,,,
E: Early Estimate,,,,,,,,,,,,,,,,,,,,,,,,,,,,,,,,,,,,,,
P: Provisional,,,,,,,,,,,,,,,,,,,,,,,,,,,,,,,,,,,,,,
R: Revised,,,,,,,,,,,,,,,,,,,,,,,,,,,,,,,,,,,,,,
S: Suppressed,,,,,,,,,,,,,,,,,,,,,,,,,,,,,,,,,,,,,,
,,,,,,,,,,,,,,,,,,,,,,,,,,,,,,,,,,,,,,
Status flags are not displayed,,,,,,,,,,,,,,,,,,,,,,,,,,,,,,,,,,,,,,
,,,,,,,,,,,,,,,,,,,,,,,,,,,,,,,,,,,,,,
Table reference: ,,,,,,,,,,,,,,,,,,,,,,,,,,,,,,,,,,,,,,
ITM461AA,,,,,,,,,,,,,,,,,,,,,,,,,,,,,,,,,,,,,,
,,,,,,,,,,,,,,,,,,,,,,,,,,,,,,,,,,,,,,
Last updated:,,,,,,,,,,,,,,,,,,,,,,,,,,,,,,,,,,,,,,
13 February 2026 10:45am,,,,,,,,,,,,,,,,,,,,,,,,,,,,,,,,,,,,,,
,,,,,,,,,,,,,,,,,,,,,,,,,,,,,,,,,,,,,,
Source: Statistics New Zealand,,,,,,,,,,,,,,,,,,,,,,,,,,,,,,,,,,,,,,
Contact: Information Centre,,,,,,,,,,,,,,,,,,,,,,,,,,,,,,,,,,,,,,
Telephone: 0508 525 525,,,,,,,,,,,,,,,,,,,,,,,,,,,,,,,,,,,,,,
Email:info@stats.govt.nz,,,,,,,,,,,,,,,,,,,,,,,,,,,,,,,,,,,,,,
